City,Year,Month,Season,Temperature (°C),Humidity (%),Traffic (1-10),"Terrain (1=Urban, 2=Plains, 3=Hills)"
Mumbai,2021,1,Winter,25.3,82,10,1
Mumbai,2021,2,Winter,29.5,82,10,1
Mumbai,2021,3,Summer,25,86,8,1
Mumbai,2021,4,Summer,34.4,95,9,1
Mumbai,2021,5,Summer,31.8,74,10,1
Mumbai,2021,6,Summer,29.7,74,10,1
Mumbai,2021,7,Monsoon,26,74,9,1
Mumbai,2021,8,Monsoon,33.8,95,8,1
Mumbai,2021,9,Monsoon,23,89,7,1
Mumbai,2021,10,Autumn,22.2,84,10,1
Mumbai,2021,11,Autumn,24.5,89,7,1
Mumbai,2021,12,Winter,27.3,88,9,1
Mumbai,2022,1,Winter,27.1,70,10,1
Mumbai,2022,2,Winter,24.6,82,8,1
Mumbai,2022,3,Summer,22.8,85,10,1
Mumbai,2022,4,Summer,20.8,74,10,1
Mumbai,2022,5,Summer,21.1,88,10,1
Mumbai,2022,6,Summer,25.1,77,8,1
Mumbai,2022,7,Monsoon,21.9,88,10,1
Mumbai,2022,8,Monsoon,32.5,91,6,1
Mumbai,2022,9,Monsoon,24.4,73,8,1
Mumbai,2022,10,Autumn,34.2,83,9,1
Mumbai,2022,11,Autumn,23.7,85,9,1
Mumbai,2022,12,Winter,21.9,88,8,1
Mumbai,2023,1,Winter,22.8,88,9,1
Mumbai,2023,2,Winter,20.9,89,10,1
Mumbai,2023,3,Summer,22.5,77,10,1
Mumbai,2023,4,Summer,30.8,88,6,1
Mumbai,2023,5,Summer,30.9,71,8,1
Mumbai,2023,6,Summer,28.5,85,10,1
Mumbai,2023,7,Monsoon,20.2,84,10,1
Mumbai,2023,8,Monsoon,20.9,84,8,1
Mumbai,2023,9,Monsoon,35,79,9,1
Mumbai,2023,10,Autumn,32.4,72,8,1
Mumbai,2023,11,Autumn,22.3,93,8,1
Mumbai,2023,12,Winter,25.5,94,7,1
Delhi,2021,1,Winter,13.7,60,6,2
Delhi,2021,2,Winter,28.7,67,8,2
Delhi,2021,3,Summer,30.8,58,8,2
Delhi,2021,4,Summer,33.6,66,8,2
Delhi,2021,5,Summer,38,55,4,2
Delhi,2021,6,Summer,34.7,89,6,2
Delhi,2021,7,Monsoon,11.7,64,5,2
Delhi,2021,8,Monsoon,36.8,86,4,2
Delhi,2021,9,Monsoon,23.7,45,6,2
Delhi,2021,10,Autumn,18.6,55,8,2
Delhi,2021,11,Autumn,18.1,52,8,2
Delhi,2021,12,Winter,28.7,70,6,2
Delhi,2022,1,Winter,16.3,40,5,2
Delhi,2022,2,Winter,17.9,55,7,2
Delhi,2022,3,Summer,32.3,63,5,2
Delhi,2022,4,Summer,39.2,63,6,2
Delhi,2022,5,Summer,17.6,67,7,2
Delhi,2022,6,Summer,25.2,87,5,2
Delhi,2022,7,Monsoon,18.1,65,4,2
Delhi,2022,8,Monsoon,22.6,83,5,2
Delhi,2022,9,Monsoon,30.1,57,7,2
Delhi,2022,10,Autumn,12.7,57,5,2
Delhi,2022,11,Autumn,31.9,49,7,2
Delhi,2022,12,Winter,11.8,32,6,2
Delhi,2023,1,Winter,37.4,51,4,2
Delhi,2023,2,Winter,21.3,65,9,2
Delhi,2023,3,Summer,34.1,32,5,2
Delhi,2023,4,Summer,37.4,65,4,2
Delhi,2023,5,Summer,21.1,63,9,2
Delhi,2023,6,Summer,30.2,72,7,2
Delhi,2023,7,Monsoon,18.6,63,5,2
Delhi,2023,8,Monsoon,18.1,76,4,2
Delhi,2023,9,Monsoon,26.9,41,7,2
Delhi,2023,10,Autumn,10.2,66,6,2
Delhi,2023,11,Autumn,31.4,39,7,2
Delhi,2023,12,Winter,14,60,5,2
Bengaluru,2021,1,Winter,20.3,74,10,1
Bengaluru,2021,2,Winter,33.5,94,9,1
Bengaluru,2021,3,Summer,26.6,83,9,1
Bengaluru,2021,4,Summer,25.2,72,10,1
Bengaluru,2021,5,Summer,26.4,71,10,1
Bengaluru,2021,6,Summer,26.3,88,9,1
Bengaluru,2021,7,Monsoon,26.3,78,8,1
Bengaluru,2021,8,Monsoon,29.5,71,9,1
Bengaluru,2021,9,Monsoon,32.1,91,7,1
Bengaluru,2021,10,Autumn,33.6,84,7,1
Bengaluru,2021,11,Autumn,20.3,92,8,1
Bengaluru,2021,12,Winter,28.6,74,10,1
Bengaluru,2022,1,Winter,29.5,71,10,1
Bengaluru,2022,2,Winter,23.9,95,7,1
Bengaluru,2022,3,Summer,31,84,7,1
Bengaluru,2022,4,Summer,30.7,75,9,1
Bengaluru,2022,5,Summer,22.8,91,7,1
Bengaluru,2022,6,Summer,22.1,94,8,1
Bengaluru,2022,7,Monsoon,23.4,87,7,1
Bengaluru,2022,8,Monsoon,22.7,77,10,1
Bengaluru,2022,9,Monsoon,26.9,88,10,1
Bengaluru,2022,10,Autumn,26.7,88,9,1
Bengaluru,2022,11,Autumn,21.6,79,8,1
Bengaluru,2022,12,Winter,28.5,95,7,1
Bengaluru,2023,1,Winter,22.8,83,10,1
Bengaluru,2023,2,Winter,34.7,71,8,1
Bengaluru,2023,3,Summer,24.7,74,10,1
Bengaluru,2023,4,Summer,20.3,85,8,1
Bengaluru,2023,5,Summer,33.5,82,10,1
Bengaluru,2023,6,Summer,27.1,89,10,1
Bengaluru,2023,7,Monsoon,22.9,92,7,1
Bengaluru,2023,8,Monsoon,21.4,70,10,1
Bengaluru,2023,9,Monsoon,26.3,91,8,1
Bengaluru,2023,10,Autumn,34.2,88,6,1
Bengaluru,2023,11,Autumn,33.7,88,8,1
Bengaluru,2023,12,Winter,30.4,80,10,1
Chennai,2021,1,Winter,31.9,71,9,1
Chennai,2021,2,Winter,33.6,75,8,1
Chennai,2021,3,Summer,23.5,87,8,1
Chennai,2021,4,Summer,25.8,83,8,1
Chennai,2021,5,Summer,32.1,78,9,1
Chennai,2021,6,Summer,30.3,86,8,1
Chennai,2021,7,Monsoon,31.7,79,8,1
Chennai,2021,8,Monsoon,28.1,83,10,1
Chennai,2021,9,Monsoon,26,87,7,1
Chennai,2021,10,Autumn,33.8,72,8,1
Chennai,2021,11,Autumn,28.1,76,8,1
Chennai,2021,12,Winter,27.6,87,7,1
Chennai,2022,1,Winter,22.1,75,10,1
Chennai,2022,2,Winter,26.2,83,9,1
Chennai,2022,3,Summer,26.9,72,10,1
Chennai,2022,4,Summer,21.8,78,10,1
Chennai,2022,5,Summer,33.8,70,8,1
Chennai,2022,6,Summer,31.6,85,7,1
Chennai,2022,7,Monsoon,28.3,80,10,1
Chennai,2022,8,Monsoon,24,84,10,1
Chennai,2022,9,Monsoon,34.9,94,9,1
Chennai,2022,10,Autumn,34.5,72,10,1
Chennai,2022,11,Autumn,20.1,93,9,1
Chennai,2022,12,Winter,25,86,9,1
Chennai,2023,1,Winter,23.6,77,8,1
Chennai,2023,2,Winter,22.3,73,10,1
Chennai,2023,3,Summer,29.2,86,9,1
Chennai,2023,4,Summer,27.1,78,9,1
Chennai,2023,5,Summer,26,76,10,1
Chennai,2023,6,Summer,32.1,87,8,1
Chennai,2023,7,Monsoon,29.6,70,10,1
Chennai,2023,8,Monsoon,20.5,94,9,1
Chennai,2023,9,Monsoon,34.4,81,8,1
Chennai,2023,10,Autumn,34.8,78,9,1
Chennai,2023,11,Autumn,21.7,70,9,1
Chennai,2023,12,Winter,26.9,82,8,1
Kolkata,2021,1,Winter,31.3,79,10,1
Kolkata,2021,2,Winter,26.4,91,7,1
Kolkata,2021,3,Summer,24.5,94,8,1
Kolkata,2021,4,Summer,25.2,92,10,1
Kolkata,2021,5,Summer,25.2,81,8,1
Kolkata,2021,6,Summer,22.5,92,8,1
Kolkata,2021,7,Monsoon,26.7,81,10,1
Kolkata,2021,8,Monsoon,33.2,92,6,1
Kolkata,2021,9,Monsoon,29.4,76,8,1
Kolkata,2021,10,Autumn,23.9,88,10,1
Kolkata,2021,11,Autumn,31.5,72,10,1
Kolkata,2021,12,Winter,25.8,77,10,1
Kolkata,2022,1,Winter,29.1,95,8,1
Kolkata,2022,2,Winter,23.2,80,10,1
Kolkata,2022,3,Summer,34.5,88,8,1
Kolkata,2022,4,Summer,34.8,72,8,1
Kolkata,2022,5,Summer,20.5,85,9,1
Kolkata,2022,6,Summer,27.1,84,10,1
Kolkata,2022,7,Monsoon,33,88,9,1
Kolkata,2022,8,Monsoon,29.7,75,9,1
Kolkata,2022,9,Monsoon,23.9,73,10,1
Kolkata,2022,10,Autumn,23.8,73,8,1
Kolkata,2022,11,Autumn,28.3,88,7,1
Kolkata,2022,12,Winter,25.3,80,10,1
Kolkata,2023,1,Winter,34.7,73,9,1
Kolkata,2023,2,Winter,20.7,92,8,1
Kolkata,2023,3,Summer,32.4,73,10,1
Kolkata,2023,4,Summer,29.6,78,8,1
Kolkata,2023,5,Summer,34.2,86,8,1
Kolkata,2023,6,Summer,21.3,82,10,1
Kolkata,2023,7,Monsoon,30.5,87,7,1
Kolkata,2023,8,Monsoon,21.2,87,10,1
Kolkata,2023,9,Monsoon,29.3,87,9,1
Kolkata,2023,10,Autumn,31.7,81,10,1
Kolkata,2023,11,Autumn,23.9,92,9,1
Kolkata,2023,12,Winter,33,92,6,1
Hyderabad,2021,1,Winter,25.7,86,8,1
Hyderabad,2021,2,Winter,33.1,88,7,1
Hyderabad,2021,3,Summer,25.1,82,10,1
Hyderabad,2021,4,Summer,22.6,75,8,1
Hyderabad,2021,5,Summer,25.7,92,9,1
Hyderabad,2021,6,Summer,31.2,87,7,1
Hyderabad,2021,7,Monsoon,25.1,73,9,1
Hyderabad,2021,8,Monsoon,28.6,90,7,1
Hyderabad,2021,9,Monsoon,20.3,71,10,1
Hyderabad,2021,10,Autumn,33.4,89,9,1
Hyderabad,2021,11,Autumn,25.6,71,9,1
Hyderabad,2021,12,Winter,23.4,74,9,1
Hyderabad,2022,1,Winter,28,79,9,1
Hyderabad,2022,2,Winter,32.8,71,8,1
Hyderabad,2022,3,Summer,23.5,83,8,1
Hyderabad,2022,4,Summer,24.1,74,10,1
Hyderabad,2022,5,Summer,29.7,89,9,1
Hyderabad,2022,6,Summer,25.5,74,10,1
Hyderabad,2022,7,Monsoon,21.4,81,10,1
Hyderabad,2022,8,Monsoon,22.8,78,8,1
Hyderabad,2022,9,Monsoon,22.6,75,8,1
Hyderabad,2022,10,Autumn,33.1,75,9,1
Hyderabad,2022,11,Autumn,20.1,85,9,1
Hyderabad,2022,12,Winter,34,70,8,1
Hyderabad,2023,1,Winter,23.6,70,10,1
Hyderabad,2023,2,Winter,26.8,89,10,1
Hyderabad,2023,3,Summer,30.2,77,9,1
Hyderabad,2023,4,Summer,21.5,85,9,1
Hyderabad,2023,5,Summer,22.5,74,9,1
Hyderabad,2023,6,Summer,22.2,81,10,1
Hyderabad,2023,7,Monsoon,34.7,89,6,1
Hyderabad,2023,8,Monsoon,27.9,95,9,1
Hyderabad,2023,9,Monsoon,30,74,10,1
Hyderabad,2023,10,Autumn,20.1,75,10,1
Hyderabad,2023,11,Autumn,23.7,74,9,1
Hyderabad,2023,12,Winter,20.9,73,10,1
Ahmedabad,2021,1,Winter,11.9,69,6,2
Ahmedabad,2021,2,Winter,20.3,64,6,2
Ahmedabad,2021,3,Summer,20.9,39,5,2
Ahmedabad,2021,4,Summer,34.2,55,8,2
Ahmedabad,2021,5,Summer,23.3,52,8,2
Ahmedabad,2021,6,Summer,19.5,73,7,2
Ahmedabad,2021,7,Monsoon,14.2,83,6,2
Ahmedabad,2021,8,Monsoon,19.3,86,3,2
Ahmedabad,2021,9,Monsoon,36.2,53,5,2
Ahmedabad,2021,10,Autumn,15.3,67,5,2
Ahmedabad,2021,11,Autumn,39.8,30,5,2
Ahmedabad,2021,12,Winter,33.2,62,5,2
Ahmedabad,2022,1,Winter,36.4,49,5,2
Ahmedabad,2022,2,Winter,18.7,39,5,2
Ahmedabad,2022,3,Summer,36.6,50,5,2
Ahmedabad,2022,4,Summer,21.4,45,8,2
Ahmedabad,2022,5,Summer,11.6,48,7,2
Ahmedabad,2022,6,Summer,27,80,7,2
Ahmedabad,2022,7,Monsoon,20.2,81,5,2
Ahmedabad,2022,8,Monsoon,38,79,3,2
Ahmedabad,2022,9,Monsoon,30.7,41,4,2
Ahmedabad,2022,10,Autumn,18.7,34,6,2
Ahmedabad,2022,11,Autumn,21.3,35,7,2
Ahmedabad,2022,12,Winter,19.1,39,5,2
Ahmedabad,2023,1,Winter,19.1,62,5,2
Ahmedabad,2023,2,Winter,37.8,64,7,2
Ahmedabad,2023,3,Summer,30.1,58,6,2
Ahmedabad,2023,4,Summer,39.7,53,7,2
Ahmedabad,2023,5,Summer,14.1,37,6,2
Ahmedabad,2023,6,Summer,19.3,80,7,2
Ahmedabad,2023,7,Monsoon,34.4,63,5,2
Ahmedabad,2023,8,Monsoon,26.2,83,4,2
Ahmedabad,2023,9,Monsoon,26.7,32,4,2
Ahmedabad,2023,10,Autumn,18.7,60,7,2
Ahmedabad,2023,11,Autumn,33.3,32,5,2
Ahmedabad,2023,12,Winter,26.5,58,8,2
Pune,2021,1,Winter,28.2,79,10,1
Pune,2021,2,Winter,26.9,95,9,1
Pune,2021,3,Summer,30.3,80,9,1
Pune,2021,4,Summer,20.5,86,7,1
Pune,2021,5,Summer,26.5,83,10,1
Pune,2021,6,Summer,20.1,80,8,1
Pune,2021,7,Monsoon,22.6,95,10,1
Pune,2021,8,Monsoon,23,90,7,1
Pune,2021,9,Monsoon,32.4,95,9,1
Pune,2021,10,Autumn,32.3,78,9,1
Pune,2021,11,Autumn,21.2,80,10,1
Pune,2021,12,Winter,28.5,77,10,1
Pune,2022,1,Winter,21.1,76,8,1
Pune,2022,2,Winter,28.4,77,8,1
Pune,2022,3,Summer,28.6,94,9,1
Pune,2022,4,Summer,25.9,78,10,1
Pune,2022,5,Summer,28.3,89,8,1
Pune,2022,6,Summer,22.2,71,8,1
Pune,2022,7,Monsoon,29.2,72,9,1
Pune,2022,8,Monsoon,23.8,88,7,1
Pune,2022,9,Monsoon,26.7,78,9,1
Pune,2022,10,Autumn,31.5,87,8,1
Pune,2022,11,Autumn,31.3,70,9,1
Pune,2022,12,Winter,34.8,85,7,1
Pune,2023,1,Winter,29.4,94,8,1
Pune,2023,2,Winter,29,72,8,1
Pune,2023,3,Summer,32.2,75,10,1
Pune,2023,4,Summer,32.5,84,9,1
Pune,2023,5,Summer,32.6,82,9,1
Pune,2023,6,Summer,29,92,7,1
Pune,2023,7,Monsoon,23.2,95,7,1
Pune,2023,8,Monsoon,32.4,77,9,1
Pune,2023,9,Monsoon,33.8,89,7,1
Pune,2023,10,Autumn,28.4,80,8,1
Pune,2023,11,Autumn,25.9,88,7,1
Pune,2023,12,Winter,35,89,7,1
Jaipur,2021,1,Winter,10.2,52,8,2
Jaipur,2021,2,Winter,36.7,43,3,2
Jaipur,2021,3,Summer,20.4,34,6,2
Jaipur,2021,4,Summer,31.6,35,4,2
Jaipur,2021,5,Summer,36.6,70,6,2
Jaipur,2021,6,Summer,22,67,7,2
Jaipur,2021,7,Monsoon,24.8,77,7,2
Jaipur,2021,8,Monsoon,17.6,71,6,2
Jaipur,2021,9,Monsoon,16.1,44,6,2
Jaipur,2021,10,Autumn,29.8,63,6,2
Jaipur,2021,11,Autumn,31.4,45,6,2
Jaipur,2021,12,Winter,33.3,36,6,2
Jaipur,2022,1,Winter,21.7,48,5,2
Jaipur,2022,2,Winter,13.8,66,7,2
Jaipur,2022,3,Summer,14.4,48,6,2
Jaipur,2022,4,Summer,36.1,38,6,2
Jaipur,2022,5,Summer,32.9,44,7,2
Jaipur,2022,6,Summer,22.7,89,6,2
Jaipur,2022,7,Monsoon,23.4,73,7,2
Jaipur,2022,8,Monsoon,10.9,86,3,2
Jaipur,2022,9,Monsoon,15.8,65,6,2
Jaipur,2022,10,Autumn,32.8,48,6,2
Jaipur,2022,11,Autumn,12.1,62,8,2
Jaipur,2022,12,Winter,15,63,6,2
Jaipur,2023,1,Winter,14.8,52,5,2
Jaipur,2023,2,Winter,26.7,61,6,2
Jaipur,2023,3,Summer,15.4,66,7,2
Jaipur,2023,4,Summer,22.3,45,6,2
Jaipur,2023,5,Summer,28.2,52,7,2
Jaipur,2023,6,Summer,26.9,66,9,2
Jaipur,2023,7,Monsoon,31.6,69,5,2
Jaipur,2023,8,Monsoon,21.1,80,6,2
Jaipur,2023,9,Monsoon,12.7,61,6,2
Jaipur,2023,10,Autumn,13.4,63,6,2
Jaipur,2023,11,Autumn,32.8,31,6,2
Jaipur,2023,12,Winter,36.8,53,4,2
Lucknow,2021,1,Winter,38.3,66,7,2
Lucknow,2021,2,Winter,38.8,31,5,2
Lucknow,2021,3,Summer,39.4,35,5,2
Lucknow,2021,4,Summer,27.8,30,8,2
Lucknow,2021,5,Summer,39,34,5,2
Lucknow,2021,6,Summer,11.8,78,5,2
Lucknow,2021,7,Monsoon,10.8,74,4,2
Lucknow,2021,8,Monsoon,15.2,79,6,2
Lucknow,2021,9,Monsoon,29,55,5,2
Lucknow,2021,10,Autumn,12.8,45,4,2
Lucknow,2021,11,Autumn,25.1,57,8,2
Lucknow,2021,12,Winter,37,60,5,2
Lucknow,2022,1,Winter,17.8,30,7,2
Lucknow,2022,2,Winter,22.6,38,5,2
Lucknow,2022,3,Summer,14.3,68,5,2
Lucknow,2022,4,Summer,32.1,40,6,2
Lucknow,2022,5,Summer,26.4,58,7,2
Lucknow,2022,6,Summer,12.7,65,7,2
Lucknow,2022,7,Monsoon,27,61,8,2
Lucknow,2022,8,Monsoon,24.4,90,4,2
Lucknow,2022,9,Monsoon,31.9,30,5,2
Lucknow,2022,10,Autumn,10.2,57,5,2
Lucknow,2022,11,Autumn,39.2,33,5,2
Lucknow,2022,12,Winter,20.1,49,8,2
Lucknow,2023,1,Winter,32.2,46,7,2
Lucknow,2023,2,Winter,38.9,64,7,2
Lucknow,2023,3,Summer,31.3,58,5,2
Lucknow,2023,4,Summer,19.8,42,4,2
Lucknow,2023,5,Summer,11.2,39,6,2
Lucknow,2023,6,Summer,13.7,80,6,2
Lucknow,2023,7,Monsoon,15.3,73,3,2
Lucknow,2023,8,Monsoon,39.3,75,5,2
Lucknow,2023,9,Monsoon,36.4,61,3,2
Lucknow,2023,10,Autumn,25.7,53,8,2
Lucknow,2023,11,Autumn,33.1,41,7,2
Lucknow,2023,12,Winter,37.1,48,4,2
Patna,2021,1,Winter,27.9,57,9,2
Patna,2021,2,Winter,10.9,62,6,2
Patna,2021,3,Summer,39.2,53,5,2
Patna,2021,4,Summer,28.4,46,8,2
Patna,2021,5,Summer,26.8,57,7,2
Patna,2021,6,Summer,35.8,68,5,2
Patna,2021,7,Monsoon,39.2,86,3,2
Patna,2021,8,Monsoon,36.3,85,5,2
Patna,2021,9,Monsoon,36.9,62,3,2
Patna,2021,10,Autumn,30.3,45,4,2
Patna,2021,11,Autumn,25.4,68,6,2
Patna,2021,12,Winter,32.2,35,5,2
Patna,2022,1,Winter,19.7,44,7,2
Patna,2022,2,Winter,29.5,59,9,2
Patna,2022,3,Summer,23.8,52,7,2
Patna,2022,4,Summer,22.2,66,6,2
Patna,2022,5,Summer,18.2,40,6,2
Patna,2022,6,Summer,26.9,90,7,2
Patna,2022,7,Monsoon,22.5,85,5,2
Patna,2022,8,Monsoon,36.2,82,2,2
Patna,2022,9,Monsoon,13.3,55,7,2
Patna,2022,10,Autumn,17.6,58,5,2
Patna,2022,11,Autumn,22.4,31,6,2
Patna,2022,12,Winter,33.6,61,8,2
Patna,2023,1,Winter,32,55,7,2
Patna,2023,2,Winter,10.9,69,8,2
Patna,2023,3,Summer,13.8,60,5,2
Patna,2023,4,Summer,23.8,52,8,2
Patna,2023,5,Summer,38.1,45,4,2
Patna,2023,6,Summer,25.4,65,9,2
Patna,2023,7,Monsoon,26.1,81,7,2
Patna,2023,8,Monsoon,23,63,5,2
Patna,2023,9,Monsoon,16.2,65,5,2
Patna,2023,10,Autumn,23.6,47,7,2
Patna,2023,11,Autumn,20,68,8,2
Patna,2023,12,Winter,11.3,33,5,2
Chandigarh,2021,1,Winter,38.2,50,7,2
Chandigarh,2021,2,Winter,20.5,30,8,2
Chandigarh,2021,3,Summer,22.4,64,7,2
Chandigarh,2021,4,Summer,23.5,57,8,2
Chandigarh,2021,5,Summer,30.1,65,5,2
Chandigarh,2021,6,Summer,39.4,67,7,2
Chandigarh,2021,7,Monsoon,22.5,77,7,2
Chandigarh,2021,8,Monsoon,25.8,78,6,2
Chandigarh,2021,9,Monsoon,16.3,46,5,2
Chandigarh,2021,10,Autumn,12.4,57,5,2
Chandigarh,2021,11,Autumn,15.5,55,7,2
Chandigarh,2021,12,Winter,35.9,49,5,2
Chandigarh,2022,1,Winter,16.9,51,7,2
Chandigarh,2022,2,Winter,14.7,56,7,2
Chandigarh,2022,3,Summer,35.4,37,5,2
Chandigarh,2022,4,Summer,20.9,33,7,2
Chandigarh,2022,5,Summer,19.3,56,8,2
Chandigarh,2022,6,Summer,21.8,73,8,2
Chandigarh,2022,7,Monsoon,35.2,86,1,2
Chandigarh,2022,8,Monsoon,39.6,76,3,2
Chandigarh,2022,9,Monsoon,37.7,68,4,2
Chandigarh,2022,10,Autumn,24.4,46,6,2
Chandigarh,2022,11,Autumn,23.7,62,7,2
Chandigarh,2022,12,Winter,16.9,69,8,2
Chandigarh,2023,1,Winter,22.5,50,8,2
Chandigarh,2023,2,Winter,19.2,66,6,2
Chandigarh,2023,3,Summer,31.1,61,7,2
Chandigarh,2023,4,Summer,20.1,61,7,2
Chandigarh,2023,5,Summer,15.8,57,5,2
Chandigarh,2023,6,Summer,29.5,62,6,2
Chandigarh,2023,7,Monsoon,28.6,69,8,2
Chandigarh,2023,8,Monsoon,21.7,68,6,2
Chandigarh,2023,9,Monsoon,23.2,61,6,2
Chandigarh,2023,10,Autumn,27.9,52,6,2
Chandigarh,2023,11,Autumn,23.5,35,6,2
Chandigarh,2023,12,Winter,30.7,53,5,2
Coimbatore,2021,1,Winter,31.9,76,8,1
Coimbatore,2021,2,Winter,21.9,90,7,1
Coimbatore,2021,3,Summer,27.5,78,10,1
Coimbatore,2021,4,Summer,34.3,92,8,1
Coimbatore,2021,5,Summer,22.7,73,8,1
Coimbatore,2021,6,Summer,29.4,95,8,1
Coimbatore,2021,7,Monsoon,31.3,89,8,1
Coimbatore,2021,8,Monsoon,33,95,6,1
Coimbatore,2021,9,Monsoon,23.9,81,10,1
Coimbatore,2021,10,Autumn,20.9,95,8,1
Coimbatore,2021,11,Autumn,24.6,72,9,1
Coimbatore,2021,12,Winter,33.4,84,10,1
Coimbatore,2022,1,Winter,24.7,95,7,1
Coimbatore,2022,2,Winter,32.9,73,8,1
Coimbatore,2022,3,Summer,31.5,76,7,1
Coimbatore,2022,4,Summer,23.8,74,10,1
Coimbatore,2022,5,Summer,21.3,95,7,1
Coimbatore,2022,6,Summer,29.1,91,8,1
Coimbatore,2022,7,Monsoon,21.9,75,8,1
Coimbatore,2022,8,Monsoon,30.4,90,9,1
Coimbatore,2022,9,Monsoon,28.1,87,9,1
Coimbatore,2022,10,Autumn,29.1,91,10,1
Coimbatore,2022,11,Autumn,26.8,86,10,1
Coimbatore,2022,12,Winter,28.9,77,10,1
Coimbatore,2023,1,Winter,34.6,82,7,1
Coimbatore,2023,2,Winter,22.4,91,10,1
Coimbatore,2023,3,Summer,31.3,76,10,1
Coimbatore,2023,4,Summer,24.4,78,10,1
Coimbatore,2023,5,Summer,28.7,85,9,1
Coimbatore,2023,6,Summer,22.4,95,8,1
Coimbatore,2023,7,Monsoon,21.2,90,10,1
Coimbatore,2023,8,Monsoon,31.1,84,7,1
Coimbatore,2023,9,Monsoon,34.2,71,7,1
Coimbatore,2023,10,Autumn,29.7,81,9,1
Coimbatore,2023,11,Autumn,29.5,94,8,1
Coimbatore,2023,12,Winter,20.1,71,10,1
Madurai,2021,1,Winter,25.7,81,8,1
Madurai,2021,2,Winter,20.7,93,9,1
Madurai,2021,3,Summer,34.4,83,10,1
Madurai,2021,4,Summer,23.3,87,10,1
Madurai,2021,5,Summer,24.7,95,8,1
Madurai,2021,6,Summer,26.1,71,9,1
Madurai,2021,7,Monsoon,31.5,95,9,1
Madurai,2021,8,Monsoon,34.7,84,9,1
Madurai,2021,9,Monsoon,26.5,82,10,1
Madurai,2021,10,Autumn,27.2,93,8,1
Madurai,2021,11,Autumn,29.3,83,9,1
Madurai,2021,12,Winter,27.1,94,10,1
Madurai,2022,1,Winter,27.5,75,10,1
Madurai,2022,2,Winter,27.8,73,10,1
Madurai,2022,3,Summer,26.2,79,9,1
Madurai,2022,4,Summer,20.2,85,8,1
Madurai,2022,5,Summer,23.6,79,10,1
Madurai,2022,6,Summer,32.6,95,9,1
Madurai,2022,7,Monsoon,23.6,94,9,1
Madurai,2022,8,Monsoon,28.3,85,9,1
Madurai,2022,9,Monsoon,20.8,81,9,1
Madurai,2022,10,Autumn,33.6,73,9,1
Madurai,2022,11,Autumn,30.9,70,10,1
Madurai,2022,12,Winter,27.6,94,7,1
Madurai,2023,1,Winter,30.8,84,9,1
Madurai,2023,2,Winter,22.7,91,7,1
Madurai,2023,3,Summer,26.2,85,9,1
Madurai,2023,4,Summer,33.1,94,6,1
Madurai,2023,5,Summer,26.7,80,10,1
Madurai,2023,6,Summer,27.1,73,10,1
Madurai,2023,7,Monsoon,24.1,94,7,1
Madurai,2023,8,Monsoon,23.1,75,10,1
Madurai,2023,9,Monsoon,28.2,84,9,1
Madurai,2023,10,Autumn,22,70,9,1
Madurai,2023,11,Autumn,20.6,87,9,1
Madurai,2023,12,Winter,34,85,7,1
Bhopal,2021,1,Winter,26,61,9,2
Bhopal,2021,2,Winter,18.6,60,6,2
Bhopal,2021,3,Summer,25.8,67,8,2
Bhopal,2021,4,Summer,16.3,36,6,2
Bhopal,2021,5,Summer,36.4,70,4,2
Bhopal,2021,6,Summer,21.4,82,5,2
Bhopal,2021,7,Monsoon,17.5,80,6,2
Bhopal,2021,8,Monsoon,27,80,6,2
Bhopal,2021,9,Monsoon,20.9,35,6,2
Bhopal,2021,10,Autumn,22.3,31,5,2
Bhopal,2021,11,Autumn,10.4,53,8,2
Bhopal,2021,12,Winter,37.7,32,6,2
Bhopal,2022,1,Winter,32,65,7,2
Bhopal,2022,2,Winter,11.7,45,6,2
Bhopal,2022,3,Summer,21.8,51,9,2
Bhopal,2022,4,Summer,18.4,30,5,2
Bhopal,2022,5,Summer,11.5,37,4,2
Bhopal,2022,6,Summer,27.9,61,9,2
Bhopal,2022,7,Monsoon,29.3,88,3,2
Bhopal,2022,8,Monsoon,10.6,68,7,2
Bhopal,2022,9,Monsoon,39.3,53,6,2
Bhopal,2022,10,Autumn,37.8,52,6,2
Bhopal,2022,11,Autumn,25.3,45,6,2
Bhopal,2022,12,Winter,33.2,58,8,2
Bhopal,2023,1,Winter,28.8,49,6,2
Bhopal,2023,2,Winter,18.1,39,7,2
Bhopal,2023,3,Summer,25.2,34,6,2
Bhopal,2023,4,Summer,17.6,65,6,2
Bhopal,2023,5,Summer,22.7,54,7,2
Bhopal,2023,6,Summer,23.2,63,8,2
Bhopal,2023,7,Monsoon,21.8,78,5,2
Bhopal,2023,8,Monsoon,35.3,81,2,2
Bhopal,2023,9,Monsoon,13.8,31,6,2
Bhopal,2023,10,Autumn,31.6,61,8,2
Bhopal,2023,11,Autumn,36.5,61,4,2
Bhopal,2023,12,Winter,21.9,32,7,2
Nagpur,2021,1,Winter,29,52,9,2
Nagpur,2021,2,Winter,14.5,48,7,2
Nagpur,2021,3,Summer,39.6,33,3,2
Nagpur,2021,4,Summer,38.4,57,5,2
Nagpur,2021,5,Summer,33.9,48,6,2
Nagpur,2021,6,Summer,12.8,80,4,2
Nagpur,2021,7,Monsoon,19.5,84,6,2
Nagpur,2021,8,Monsoon,36.6,71,2,2
Nagpur,2021,9,Monsoon,24.1,43,4,2
Nagpur,2021,10,Autumn,39.4,36,5,2
Nagpur,2021,11,Autumn,13.5,40,4,2
Nagpur,2021,12,Winter,31.5,66,7,2
Nagpur,2022,1,Winter,39.2,64,7,2
Nagpur,2022,2,Winter,38.4,36,3,2
Nagpur,2022,3,Summer,22.5,60,6,2
Nagpur,2022,4,Summer,19.7,62,7,2
Nagpur,2022,5,Summer,31.2,51,7,2
Nagpur,2022,6,Summer,20.8,71,7,2
Nagpur,2022,7,Monsoon,10.7,73,3,2
Nagpur,2022,8,Monsoon,31.7,71,3,2
Nagpur,2022,9,Monsoon,32.7,53,6,2
Nagpur,2022,10,Autumn,31.5,67,8,2
Nagpur,2022,11,Autumn,23.1,53,8,2
Nagpur,2022,12,Winter,24.1,39,8,2
Nagpur,2023,1,Winter,20.7,33,8,2
Nagpur,2023,2,Winter,23.3,58,9,2
Nagpur,2023,3,Summer,20.1,50,8,2
Nagpur,2023,4,Summer,39.4,63,6,2
Nagpur,2023,5,Summer,34.9,41,4,2
Nagpur,2023,6,Summer,36,73,5,2
Nagpur,2023,7,Monsoon,11.7,88,4,2
Nagpur,2023,8,Monsoon,27.7,81,5,2
Nagpur,2023,9,Monsoon,26.8,43,5,2
Nagpur,2023,10,Autumn,33.9,42,4,2
Nagpur,2023,11,Autumn,29.7,36,7,2
Nagpur,2023,12,Winter,18.8,49,5,2
Thiruvananthapuram,2021,1,Winter,22.6,83,10,1
Thiruvananthapuram,2021,2,Winter,23.3,88,7,1
Thiruvananthapuram,2021,3,Summer,22.5,74,10,1
Thiruvananthapuram,2021,4,Summer,23.8,86,8,1
Thiruvananthapuram,2021,5,Summer,31.5,91,8,1
Thiruvananthapuram,2021,6,Summer,20.1,71,8,1
Thiruvananthapuram,2021,7,Monsoon,23.7,84,8,1
Thiruvananthapuram,2021,8,Monsoon,23.3,84,10,1
Thiruvananthapuram,2021,9,Monsoon,23.2,93,9,1
Thiruvananthapuram,2021,10,Autumn,31.1,77,10,1
Thiruvananthapuram,2021,11,Autumn,25.3,77,8,1
Thiruvananthapuram,2021,12,Winter,21.8,83,8,1
Thiruvananthapuram,2022,1,Winter,25.2,84,9,1
Thiruvananthapuram,2022,2,Winter,32.4,85,8,1
Thiruvananthapuram,2022,3,Summer,27.8,78,9,1
Thiruvananthapuram,2022,4,Summer,27.6,72,8,1
Thiruvananthapuram,2022,5,Summer,21.3,84,10,1
Thiruvananthapuram,2022,6,Summer,21.1,80,8,1
Thiruvananthapuram,2022,7,Monsoon,23.4,91,7,1
Thiruvananthapuram,2022,8,Monsoon,25.8,71,9,1
Thiruvananthapuram,2022,9,Monsoon,31.3,94,6,1
Thiruvananthapuram,2022,10,Autumn,29,83,8,1
Thiruvananthapuram,2022,11,Autumn,21.7,73,8,1
Thiruvananthapuram,2022,12,Winter,33.6,75,8,1
Thiruvananthapuram,2023,1,Winter,25.2,77,8,1
Thiruvananthapuram,2023,2,Winter,31,78,7,1
Thiruvananthapuram,2023,3,Summer,33.2,72,8,1
Thiruvananthapuram,2023,4,Summer,33.2,76,9,1
Thiruvananthapuram,2023,5,Summer,22.9,71,8,1
Thiruvananthapuram,2023,6,Summer,20.7,72,8,1
Thiruvananthapuram,2023,7,Monsoon,30.5,76,7,1
Thiruvananthapuram,2023,8,Monsoon,22.7,86,10,1
Thiruvananthapuram,2023,9,Monsoon,26.7,81,10,1
Thiruvananthapuram,2023,10,Autumn,33.4,75,10,1
Thiruvananthapuram,2023,11,Autumn,25.8,86,10,1
Thiruvananthapuram,2023,12,Winter,30.3,82,7,1
Guwahati,2021,1,Winter,4.3,65,5,3
Guwahati,2021,2,Winter,-2.2,60,2,3
Guwahati,2021,3,Summer,16.7,36,1,3
Guwahati,2021,4,Summer,13.3,34,1,3
Guwahati,2021,5,Summer,0.3,53,2,3
Guwahati,2021,6,Summer,20.4,75,3,3
Guwahati,2021,7,Monsoon,20.4,61,5,3
Guwahati,2021,8,Monsoon,22.6,73,3,3
Guwahati,2021,9,Monsoon,24.6,57,3,3
Guwahati,2021,10,Autumn,13.1,59,6,3
Guwahati,2021,11,Autumn,3.5,30,2,3
Guwahati,2021,12,Winter,10.4,65,5,3
Guwahati,2022,1,Winter,24.1,59,5,3
Guwahati,2022,2,Winter,17.1,45,3,3
Guwahati,2022,3,Summer,-2.3,39,1,3
Guwahati,2022,4,Summer,1.5,44,1,3
Guwahati,2022,5,Summer,21.2,57,4,3
Guwahati,2022,6,Summer,23.7,85,4,3
Guwahati,2022,7,Monsoon,22.5,85,1,3
Guwahati,2022,8,Monsoon,1.1,69,1,3
Guwahati,2022,9,Monsoon,-0.5,52,2,3
Guwahati,2022,10,Autumn,9.5,69,4,3
Guwahati,2022,11,Autumn,6.9,62,2,3
Guwahati,2022,12,Winter,18.7,45,4,3
Guwahati,2023,1,Winter,18.4,50,6,3
Guwahati,2023,2,Winter,0.6,53,4,3
Guwahati,2023,3,Summer,23.9,35,5,3
Guwahati,2023,4,Summer,8.5,69,1,3
Guwahati,2023,5,Summer,16.2,59,3,3
Guwahati,2023,6,Summer,7.7,67,1,3
Guwahati,2023,7,Monsoon,23.4,74,4,3
Guwahati,2023,8,Monsoon,21.3,90,3,3
Guwahati,2023,9,Monsoon,22.7,33,3,3
Guwahati,2023,10,Autumn,-1.8,63,3,3
Guwahati,2023,11,Autumn,12.9,45,5,3
Guwahati,2023,12,Winter,9.6,57,2,3
Ranchi,2021,1,Winter,39.1,42,6,2
Ranchi,2021,2,Winter,25.5,56,7,2
Ranchi,2021,3,Summer,38.7,39,3,2
Ranchi,2021,4,Summer,38.7,52,5,2
Ranchi,2021,5,Summer,32.7,35,5,2
Ranchi,2021,6,Summer,11.6,88,4,2
Ranchi,2021,7,Monsoon,21,70,7,2
Ranchi,2021,8,Monsoon,11.7,80,4,2
Ranchi,2021,9,Monsoon,17,45,6,2
Ranchi,2021,10,Autumn,31.3,52,6,2
Ranchi,2021,11,Autumn,20.7,58,9,2
Ranchi,2021,12,Winter,16.5,33,7,2
Ranchi,2022,1,Winter,29.4,33,8,2
Ranchi,2022,2,Winter,17.4,31,6,2
Ranchi,2022,3,Summer,23.4,46,5,2
Ranchi,2022,4,Summer,26.7,64,9,2
Ranchi,2022,5,Summer,39.4,39,5,2
Ranchi,2022,6,Summer,31.9,78,4,2
Ranchi,2022,7,Monsoon,14.8,60,6,2
Ranchi,2022,8,Monsoon,19.9,79,6,2
Ranchi,2022,9,Monsoon,11.8,35,6,2
Ranchi,2022,10,Autumn,36.7,50,6,2
Ranchi,2022,11,Autumn,18.7,54,6,2
Ranchi,2022,12,Winter,30,43,6,2
Ranchi,2023,1,Winter,16.3,47,4,2
Ranchi,2023,2,Winter,25.7,49,8,2
Ranchi,2023,3,Summer,32.6,58,6,2
Ranchi,2023,4,Summer,28.7,62,6,2
Ranchi,2023,5,Summer,28.2,35,8,2
Ranchi,2023,6,Summer,28.6,69,6,2
Ranchi,2023,7,Monsoon,32.1,62,6,2
Ranchi,2023,8,Monsoon,10.3,62,5,2
Ranchi,2023,9,Monsoon,33.1,51,6,2
Ranchi,2023,10,Autumn,21,50,9,2
Ranchi,2023,11,Autumn,32.5,69,5,2
Ranchi,2023,12,Winter,17.2,55,6,2
Surat,2021,1,Winter,20.1,77,10,1
Surat,2021,2,Winter,21.8,90,8,1
Surat,2021,3,Summer,33.6,86,7,1
Surat,2021,4,Summer,27.6,80,9,1
Surat,2021,5,Summer,24.7,91,8,1
Surat,2021,6,Summer,31.7,75,7,1
Surat,2021,7,Monsoon,31.8,81,9,1
Surat,2021,8,Monsoon,30.6,75,10,1
Surat,2021,9,Monsoon,28.8,85,9,1
Surat,2021,10,Autumn,31.6,74,8,1
Surat,2021,11,Autumn,29.2,81,10,1
Surat,2021,12,Winter,22.5,90,10,1
Surat,2022,1,Winter,24.3,79,10,1
Surat,2022,2,Winter,33.6,73,8,1
Surat,2022,3,Summer,32.7,82,9,1
Surat,2022,4,Summer,20.5,91,9,1
Surat,2022,5,Summer,25.2,80,10,1
Surat,2022,6,Summer,22,76,10,1
Surat,2022,7,Monsoon,31.3,95,8,1
Surat,2022,8,Monsoon,32,81,10,1
Surat,2022,9,Monsoon,32.3,75,10,1
Surat,2022,10,Autumn,23.3,83,9,1
Surat,2022,11,Autumn,27.2,89,10,1
Surat,2022,12,Winter,31.9,74,9,1
Surat,2023,1,Winter,31.4,74,10,1
Surat,2023,2,Winter,33.8,83,7,1
Surat,2023,3,Summer,26.6,90,10,1
Surat,2023,4,Summer,25.3,76,10,1
Surat,2023,5,Summer,27.3,74,10,1
Surat,2023,6,Summer,26.6,72,10,1
Surat,2023,7,Monsoon,23.5,90,7,1
Surat,2023,8,Monsoon,30.8,92,8,1
Surat,2023,9,Monsoon,31.2,92,9,1
Surat,2023,10,Autumn,28.2,94,7,1
Surat,2023,11,Autumn,32.3,88,8,1
Surat,2023,12,Winter,28.6,80,9,1
Indore,2021,1,Winter,23.8,52,7,2
Indore,2021,2,Winter,13.7,58,5,2
Indore,2021,3,Summer,14.3,51,8,2
Indore,2021,4,Summer,16.9,54,6,2
Indore,2021,5,Summer,39.8,48,6,2
Indore,2021,6,Summer,31.1,77,4,2
Indore,2021,7,Monsoon,21,84,4,2
Indore,2021,8,Monsoon,26.9,82,4,2
Indore,2021,9,Monsoon,19.5,49,5,2
Indore,2021,10,Autumn,30.8,52,5,2
Indore,2021,11,Autumn,14.3,41,6,2
Indore,2021,12,Winter,19.4,59,8,2
Indore,2022,1,Winter,21.7,58,8,2
Indore,2022,2,Winter,38.4,49,5,2
Indore,2022,3,Summer,29.2,42,7,2
Indore,2022,4,Summer,37.3,62,4,2
Indore,2022,5,Summer,15.7,49,5,2
Indore,2022,6,Summer,20.3,65,6,2
Indore,2022,7,Monsoon,21.2,62,7,2
Indore,2022,8,Monsoon,35.8,69,3,2
Indore,2022,9,Monsoon,36,49,5,2
Indore,2022,10,Autumn,35.4,56,7,2
Indore,2022,11,Autumn,25.7,30,5,2
Indore,2022,12,Winter,36.1,37,6,2
Indore,2023,1,Winter,16.9,57,7,2
Indore,2023,2,Winter,33.1,42,5,2
Indore,2023,3,Summer,13.3,66,7,2
Indore,2023,4,Summer,38,70,4,2
Indore,2023,5,Summer,17.3,62,5,2
Indore,2023,6,Summer,29.9,87,4,2
Indore,2023,7,Monsoon,14.7,89,2,2
Indore,2023,8,Monsoon,16.5,61,6,2
Indore,2023,9,Monsoon,14.5,39,3,2
Indore,2023,10,Autumn,15.8,64,6,2
Indore,2023,11,Autumn,24.8,52,7,2
Indore,2023,12,Winter,39.2,68,5,2
Vadodara,2021,1,Winter,26,47,8,2
Vadodara,2021,2,Winter,34.6,60,5,2
Vadodara,2021,3,Summer,30,32,7,2
Vadodara,2021,4,Summer,26.2,46,7,2
Vadodara,2021,5,Summer,11.4,53,6,2
Vadodara,2021,6,Summer,16.9,82,7,2
Vadodara,2021,7,Monsoon,29.5,90,5,2
Vadodara,2021,8,Monsoon,24,87,6,2
Vadodara,2021,9,Monsoon,27.3,35,4,2
Vadodara,2021,10,Autumn,24.8,39,5,2
Vadodara,2021,11,Autumn,36,46,5,2
Vadodara,2021,12,Winter,23.3,35,5,2
Vadodara,2022,1,Winter,37.2,32,5,2
Vadodara,2022,2,Winter,10.2,36,6,2
Vadodara,2022,3,Summer,12.1,34,7,2
Vadodara,2022,4,Summer,30.8,67,7,2
Vadodara,2022,5,Summer,22.9,50,8,2
Vadodara,2022,6,Summer,37,61,7,2
Vadodara,2022,7,Monsoon,22.2,68,8,2
Vadodara,2022,8,Monsoon,16.1,78,3,2
Vadodara,2022,9,Monsoon,39.6,66,4,2
Vadodara,2022,10,Autumn,33.6,52,6,2
Vadodara,2022,11,Autumn,32.9,53,7,2
Vadodara,2022,12,Winter,33.5,43,6,2
Vadodara,2023,1,Winter,15,43,5,2
Vadodara,2023,2,Winter,16.7,57,7,2
Vadodara,2023,3,Summer,39.7,53,5,2
Vadodara,2023,4,Summer,34.8,35,7,2
Vadodara,2023,5,Summer,26.9,47,8,2
Vadodara,2023,6,Summer,27,84,6,2
Vadodara,2023,7,Monsoon,17.3,66,5,2
Vadodara,2023,8,Monsoon,34.5,89,5,2
Vadodara,2023,9,Monsoon,25,47,5,2
Vadodara,2023,10,Autumn,10.2,68,6,2
Vadodara,2023,11,Autumn,36.3,67,4,2
Vadodara,2023,12,Winter,33.1,45,5,2
Ludhiana,2021,1,Winter,30.4,64,8,2
Ludhiana,2021,2,Winter,38.1,54,7,2
Ludhiana,2021,3,Summer,39.4,32,5,2
Ludhiana,2021,4,Summer,24.8,48,6,2
Ludhiana,2021,5,Summer,20.2,52,8,2
Ludhiana,2021,6,Summer,17.2,70,8,2
Ludhiana,2021,7,Monsoon,15.6,74,5,2
Ludhiana,2021,8,Monsoon,34.8,61,4,2
Ludhiana,2021,9,Monsoon,26.7,57,7,2
Ludhiana,2021,10,Autumn,23.5,70,8,2
Ludhiana,2021,11,Autumn,11.5,63,7,2
Ludhiana,2021,12,Winter,18.8,32,5,2
Ludhiana,2022,1,Winter,26.1,63,7,2
Ludhiana,2022,2,Winter,39.7,53,6,2
Ludhiana,2022,3,Summer,22.2,53,6,2
Ludhiana,2022,4,Summer,11.2,38,6,2
Ludhiana,2022,5,Summer,29.2,62,7,2
Ludhiana,2022,6,Summer,24.8,81,6,2
Ludhiana,2022,7,Monsoon,31.6,81,6,2
Ludhiana,2022,8,Monsoon,35.6,89,3,2
Ludhiana,2022,9,Monsoon,22.5,41,6,2
Ludhiana,2022,10,Autumn,39.2,61,4,2
Ludhiana,2022,11,Autumn,30.6,65,6,2
Ludhiana,2022,12,Winter,38.9,30,5,2
Ludhiana,2023,1,Winter,36.9,63,5,2
Ludhiana,2023,2,Winter,18.6,60,6,2
Ludhiana,2023,3,Summer,31.6,40,7,2
Ludhiana,2023,4,Summer,18.3,38,5,2
Ludhiana,2023,5,Summer,29.5,35,6,2
Ludhiana,2023,6,Summer,36.9,81,6,2
Ludhiana,2023,7,Monsoon,31.7,65,4,2
Ludhiana,2023,8,Monsoon,37.8,83,3,2
Ludhiana,2023,9,Monsoon,23.2,56,7,2
Ludhiana,2023,10,Autumn,35.6,69,7,2
Ludhiana,2023,11,Autumn,39.2,49,4,2
Ludhiana,2023,12,Winter,11.8,38,7,2
Agra,2021,1,Winter,39.4,42,6,2
Agra,2021,2,Winter,11.4,38,6,2
Agra,2021,3,Summer,31.7,38,5,2
Agra,2021,4,Summer,31.6,54,8,2
Agra,2021,5,Summer,17.2,33,4,2
Agra,2021,6,Summer,36.5,66,7,2
Agra,2021,7,Monsoon,29.9,66,6,2
Agra,2021,8,Monsoon,26.2,84,4,2
Agra,2021,9,Monsoon,21.3,35,4,2
Agra,2021,10,Autumn,31.2,53,5,2
Agra,2021,11,Autumn,35.4,61,4,2
Agra,2021,12,Winter,36.3,35,3,2
Agra,2022,1,Winter,21,38,5,2
Agra,2022,2,Winter,31.1,46,5,2
Agra,2022,3,Summer,39.2,31,5,2
Agra,2022,4,Summer,33.7,45,4,2
Agra,2022,5,Summer,21.4,51,9,2
Agra,2022,6,Summer,23.4,88,6,2
Agra,2022,7,Monsoon,32.9,87,4,2
Agra,2022,8,Monsoon,38.2,90,4,2
Agra,2022,9,Monsoon,18.1,57,7,2
Agra,2022,10,Autumn,24.9,58,8,2
Agra,2022,11,Autumn,25.6,68,6,2
Agra,2022,12,Winter,37.9,63,4,2
Agra,2023,1,Winter,24,48,7,2
Agra,2023,2,Winter,31.9,37,7,2
Agra,2023,3,Summer,35.2,65,4,2
Agra,2023,4,Summer,20,53,9,2
Agra,2023,5,Summer,18.9,64,8,2
Agra,2023,6,Summer,20,65,7,2
Agra,2023,7,Monsoon,10.3,86,2,2
Agra,2023,8,Monsoon,12.4,77,4,2
Agra,2023,9,Monsoon,39.4,56,3,2
Agra,2023,10,Autumn,13.5,39,5,2
Agra,2023,11,Autumn,36.7,42,4,2
Agra,2023,12,Winter,16.5,36,7,2
Varanasi,2021,1,Winter,24.8,46,5,2
Varanasi,2021,2,Winter,26.7,34,5,2
Varanasi,2021,3,Summer,33.5,50,6,2
Varanasi,2021,4,Summer,20.6,67,9,2
Varanasi,2021,5,Summer,25.9,37,7,2
Varanasi,2021,6,Summer,27.2,68,6,2
Varanasi,2021,7,Monsoon,10.5,78,6,2
Varanasi,2021,8,Monsoon,26.2,88,6,2
Varanasi,2021,9,Monsoon,14.3,38,4,2
Varanasi,2021,10,Autumn,39.7,52,6,2
Varanasi,2021,11,Autumn,21.4,54,8,2
Varanasi,2021,12,Winter,27.1,69,9,2
Varanasi,2022,1,Winter,14.5,43,5,2
Varanasi,2022,2,Winter,24.2,41,7,2
Varanasi,2022,3,Summer,32.9,69,7,2
Varanasi,2022,4,Summer,10.3,50,6,2
Varanasi,2022,5,Summer,29.8,34,5,2
Varanasi,2022,6,Summer,24.9,88,6,2
Varanasi,2022,7,Monsoon,23,79,7,2
Varanasi,2022,8,Monsoon,31.3,67,5,2
Varanasi,2022,9,Monsoon,14.6,34,6,2
Varanasi,2022,10,Autumn,38.1,63,7,2
Varanasi,2022,11,Autumn,20.3,50,9,2
Varanasi,2022,12,Winter,35.7,36,5,2
Varanasi,2023,1,Winter,23.4,68,9,2
Varanasi,2023,2,Winter,21.9,42,7,2
Varanasi,2023,3,Summer,38.5,50,6,2
Varanasi,2023,4,Summer,13.9,33,5,2
Varanasi,2023,5,Summer,30.6,70,8,2
Varanasi,2023,6,Summer,18.9,70,8,2
Varanasi,2023,7,Monsoon,16.5,85,6,2
Varanasi,2023,8,Monsoon,25.7,87,4,2
Varanasi,2023,9,Monsoon,39,60,4,2
Varanasi,2023,10,Autumn,31.9,57,6,2
Varanasi,2023,11,Autumn,29.6,33,6,2
Varanasi,2023,12,Winter,39.8,58,7,2
Meerut,2021,1,Winter,24.9,37,7,2
Meerut,2021,2,Winter,18.7,55,5,2
Meerut,2021,3,Summer,37.8,36,5,2
Meerut,2021,4,Summer,10.7,65,8,2
Meerut,2021,5,Summer,29.1,59,6,2
Meerut,2021,6,Summer,19.4,69,6,2
Meerut,2021,7,Monsoon,16.4,62,7,2
Meerut,2021,8,Monsoon,25,76,6,2
Meerut,2021,9,Monsoon,17.6,42,3,2
Meerut,2021,10,Autumn,27.4,48,6,2
Meerut,2021,11,Autumn,11.4,38,5,2
Meerut,2021,12,Winter,26,66,9,2
Meerut,2022,1,Winter,21.5,31,6,2
Meerut,2022,2,Winter,27.2,41,7,2
Meerut,2022,3,Summer,31,50,5,2
Meerut,2022,4,Summer,30.6,51,6,2
Meerut,2022,5,Summer,26.2,54,6,2
Meerut,2022,6,Summer,18.8,85,6,2
Meerut,2022,7,Monsoon,12.2,66,7,2
Meerut,2022,8,Monsoon,35.8,67,6,2
Meerut,2022,9,Monsoon,21.2,53,8,2
Meerut,2022,10,Autumn,28.9,67,6,2
Meerut,2022,11,Autumn,19.5,59,6,2
Meerut,2022,12,Winter,32.9,42,7,2
Meerut,2023,1,Winter,33.7,66,6,2
Meerut,2023,2,Winter,19.4,64,8,2
Meerut,2023,3,Summer,24.8,68,9,2
Meerut,2023,4,Summer,39.4,61,4,2
Meerut,2023,5,Summer,13.7,47,4,2
Meerut,2023,6,Summer,29.3,64,8,2
Meerut,2023,7,Monsoon,24.9,77,7,2
Meerut,2023,8,Monsoon,14.8,62,6,2
Meerut,2023,9,Monsoon,13.5,62,4,2
Meerut,2023,10,Autumn,17.7,70,5,2
Meerut,2023,11,Autumn,20.5,38,5,2
Meerut,2023,12,Winter,25,49,5,2
Nashik,2021,1,Winter,38.8,51,4,2
Nashik,2021,2,Winter,17.4,37,7,2
Nashik,2021,3,Summer,25.5,35,7,2
Nashik,2021,4,Summer,14.7,59,6,2
Nashik,2021,5,Summer,12.4,63,6,2
Nashik,2021,6,Summer,25.8,66,8,2
Nashik,2021,7,Monsoon,26.1,82,6,2
Nashik,2021,8,Monsoon,24.7,76,4,2
Nashik,2021,9,Monsoon,35.5,35,2,2
Nashik,2021,10,Autumn,18.2,39,5,2
Nashik,2021,11,Autumn,37.8,31,3,2
Nashik,2021,12,Winter,21.7,50,7,2
Nashik,2022,1,Winter,15.4,47,6,2
Nashik,2022,2,Winter,17.8,61,7,2
Nashik,2022,3,Summer,22.4,70,7,2
Nashik,2022,4,Summer,16,34,7,2
Nashik,2022,5,Summer,26.3,50,6,2
Nashik,2022,6,Summer,29.7,69,6,2
Nashik,2022,7,Monsoon,23.1,78,4,2
Nashik,2022,8,Monsoon,30.9,84,4,2
Nashik,2022,9,Monsoon,11.6,39,6,2
Nashik,2022,10,Autumn,15.9,53,7,2
Nashik,2022,11,Autumn,18.2,65,7,2
Nashik,2022,12,Winter,16.7,33,6,2
Nashik,2023,1,Winter,27.9,51,7,2
Nashik,2023,2,Winter,11.7,47,4,2
Nashik,2023,3,Summer,27.1,33,7,2
Nashik,2023,4,Summer,12.5,65,8,2
Nashik,2023,5,Summer,25.3,62,8,2
Nashik,2023,6,Summer,12.3,64,5,2
Nashik,2023,7,Monsoon,29.5,83,4,2
Nashik,2023,8,Monsoon,25,67,8,2
Nashik,2023,9,Monsoon,15.7,32,3,2
Nashik,2023,10,Autumn,16.4,69,7,2
Nashik,2023,11,Autumn,37.5,67,4,2
Nashik,2023,12,Winter,20.9,66,8,2
Aurangabad,2021,1,Winter,14.6,52,6,2
Aurangabad,2021,2,Winter,14.4,67,7,2
Aurangabad,2021,3,Summer,30.5,54,6,2
Aurangabad,2021,4,Summer,37.4,41,4,2
Aurangabad,2021,5,Summer,35.9,37,4,2
Aurangabad,2021,6,Summer,31.7,90,6,2
Aurangabad,2021,7,Monsoon,38.1,77,2,2
Aurangabad,2021,8,Monsoon,39,86,3,2
Aurangabad,2021,9,Monsoon,17.1,66,4,2
Aurangabad,2021,10,Autumn,18.8,53,8,2
Aurangabad,2021,11,Autumn,29,36,8,2
Aurangabad,2021,12,Winter,37.6,50,6,2
Aurangabad,2022,1,Winter,28.1,62,7,2
Aurangabad,2022,2,Winter,29.5,40,7,2
Aurangabad,2022,3,Summer,24.6,66,6,2
Aurangabad,2022,4,Summer,25.2,35,8,2
Aurangabad,2022,5,Summer,11.1,67,6,2
Aurangabad,2022,6,Summer,15.7,63,7,2
Aurangabad,2022,7,Monsoon,31,73,5,2
Aurangabad,2022,8,Monsoon,11.9,86,5,2
Aurangabad,2022,9,Monsoon,11.2,55,5,2
Aurangabad,2022,10,Autumn,16.8,41,4,2
Aurangabad,2022,11,Autumn,33.3,41,5,2
Aurangabad,2022,12,Winter,39.1,61,6,2
Aurangabad,2023,1,Winter,12.8,41,6,2
Aurangabad,2023,2,Winter,18.9,67,8,2
Aurangabad,2023,3,Summer,22.5,45,5,2
Aurangabad,2023,4,Summer,27.8,41,5,2
Aurangabad,2023,5,Summer,37.3,62,7,2
Aurangabad,2023,6,Summer,30.7,87,6,2
Aurangabad,2023,7,Monsoon,24.6,83,4,2
Aurangabad,2023,8,Monsoon,16.6,76,6,2
Aurangabad,2023,9,Monsoon,26.4,37,6,2
Aurangabad,2023,10,Autumn,14.3,52,8,2
Aurangabad,2023,11,Autumn,34.1,34,7,2
Aurangabad,2023,12,Winter,23,37,5,2
Jodhpur,2021,1,Winter,25.5,40,5,2
Jodhpur,2021,2,Winter,27.5,58,8,2
Jodhpur,2021,3,Summer,20.3,66,9,2
Jodhpur,2021,4,Summer,37.9,42,6,2
Jodhpur,2021,5,Summer,38.5,39,3,2
Jodhpur,2021,6,Summer,26.7,84,6,2
Jodhpur,2021,7,Monsoon,20.1,62,7,2
Jodhpur,2021,8,Monsoon,12.7,72,6,2
Jodhpur,2021,9,Monsoon,15.5,54,4,2
Jodhpur,2021,10,Autumn,36.2,49,6,2
Jodhpur,2021,11,Autumn,34.6,33,7,2
Jodhpur,2021,12,Winter,25.1,68,9,2
Jodhpur,2022,1,Winter,13.3,32,5,2
Jodhpur,2022,2,Winter,28.8,37,5,2
Jodhpur,2022,3,Summer,26.3,63,8,2
Jodhpur,2022,4,Summer,17.9,40,5,2
Jodhpur,2022,5,Summer,36.9,70,4,2
Jodhpur,2022,6,Summer,23.6,74,5,2
Jodhpur,2022,7,Monsoon,26,79,6,2
Jodhpur,2022,8,Monsoon,21.4,71,6,2
Jodhpur,2022,9,Monsoon,36.7,31,4,2
Jodhpur,2022,10,Autumn,20.6,57,9,2
Jodhpur,2022,11,Autumn,13.2,31,5,2
Jodhpur,2022,12,Winter,34.2,48,5,2
Jodhpur,2023,1,Winter,14.6,36,6,2
Jodhpur,2023,2,Winter,13.6,37,4,2
Jodhpur,2023,3,Summer,17.3,46,5,2
Jodhpur,2023,4,Summer,19.7,54,5,2
Jodhpur,2023,5,Summer,20.6,66,7,2
Jodhpur,2023,6,Summer,13.2,87,4,2
Jodhpur,2023,7,Monsoon,38.2,87,1,2
Jodhpur,2023,8,Monsoon,36.6,86,2,2
Jodhpur,2023,9,Monsoon,37.6,42,4,2
Jodhpur,2023,10,Autumn,36.5,64,4,2
Jodhpur,2023,11,Autumn,12.7,36,4,2
Jodhpur,2023,12,Winter,12.1,37,6,2
Amritsar,2021,1,Winter,31.1,61,5,2
Amritsar,2021,2,Winter,12.6,64,8,2
Amritsar,2021,3,Summer,13.4,57,6,2
Amritsar,2021,4,Summer,27.8,60,6,2
Amritsar,2021,5,Summer,13.1,42,6,2
Amritsar,2021,6,Summer,26.8,86,6,2
Amritsar,2021,7,Monsoon,36.7,68,6,2
Amritsar,2021,8,Monsoon,26,69,7,2
Amritsar,2021,9,Monsoon,39.7,56,6,2
Amritsar,2021,10,Autumn,13.8,43,6,2
Amritsar,2021,11,Autumn,15.9,56,5,2
Amritsar,2021,12,Winter,38.7,49,3,2
Amritsar,2022,1,Winter,26.8,69,6,2
Amritsar,2022,2,Winter,20.4,69,6,2
Amritsar,2022,3,Summer,13.1,62,6,2
Amritsar,2022,4,Summer,22.2,52,6,2
Amritsar,2022,5,Summer,13.3,40,4,2
Amritsar,2022,6,Summer,21.7,82,5,2
Amritsar,2022,7,Monsoon,32.8,60,7,2
Amritsar,2022,8,Monsoon,17.9,78,6,2
Amritsar,2022,9,Monsoon,18.4,62,7,2
Amritsar,2022,10,Autumn,15.8,61,5,2
Amritsar,2022,11,Autumn,34.2,36,5,2
Amritsar,2022,12,Winter,15.2,67,8,2
Amritsar,2023,1,Winter,27.6,52,7,2
Amritsar,2023,2,Winter,27.5,46,7,2
Amritsar,2023,3,Summer,23.3,58,7,2
Amritsar,2023,4,Summer,34,41,6,2
Amritsar,2023,5,Summer,24.4,45,6,2
Amritsar,2023,6,Summer,15.5,81,5,2
Amritsar,2023,7,Monsoon,37.1,61,4,2
Amritsar,2023,8,Monsoon,15.6,83,4,2
Amritsar,2023,9,Monsoon,20.9,33,6,2
Amritsar,2023,10,Autumn,14.1,35,5,2
Amritsar,2023,11,Autumn,20.5,34,8,2
Amritsar,2023,12,Winter,12.7,50,7,2
Gwalior,2021,1,Winter,12,69,6,2
Gwalior,2021,2,Winter,26.8,31,8,2
Gwalior,2021,3,Summer,13.3,39,4,2
Gwalior,2021,4,Summer,31.7,54,8,2
Gwalior,2021,5,Summer,35,44,6,2
Gwalior,2021,6,Summer,37.5,63,6,2
Gwalior,2021,7,Monsoon,35.9,73,4,2
Gwalior,2021,8,Monsoon,26.9,79,7,2
Gwalior,2021,9,Monsoon,10.5,64,6,2
Gwalior,2021,10,Autumn,29.7,62,7,2
Gwalior,2021,11,Autumn,17,56,6,2
Gwalior,2021,12,Winter,22.7,39,6,2
Gwalior,2022,1,Winter,10.6,58,5,2
Gwalior,2022,2,Winter,25,39,6,2
Gwalior,2022,3,Summer,29.2,70,8,2
Gwalior,2022,4,Summer,24,38,8,2
Gwalior,2022,5,Summer,15.7,31,6,2
Gwalior,2022,6,Summer,33,78,6,2
Gwalior,2022,7,Monsoon,32.1,79,6,2
Gwalior,2022,8,Monsoon,27.5,63,8,2
Gwalior,2022,9,Monsoon,32.3,69,5,2
Gwalior,2022,10,Autumn,30.1,67,5,2
Gwalior,2022,11,Autumn,29.7,47,8,2
Gwalior,2022,12,Winter,11.4,47,7,2
Gwalior,2023,1,Winter,10,56,7,2
Gwalior,2023,2,Winter,26.5,46,7,2
Gwalior,2023,3,Summer,39.4,48,3,2
Gwalior,2023,4,Summer,18.6,59,5,2
Gwalior,2023,5,Summer,20.8,58,8,2
Gwalior,2023,6,Summer,28.2,68,8,2
Gwalior,2023,7,Monsoon,12.6,74,5,2
Gwalior,2023,8,Monsoon,25.1,67,8,2
Gwalior,2023,9,Monsoon,19.6,51,5,2
Gwalior,2023,10,Autumn,27.9,52,6,2
Gwalior,2023,11,Autumn,36.3,33,3,2
Gwalior,2023,12,Winter,24.4,69,6,2
Vijayawada,2021,1,Winter,29.1,92,10,1
Vijayawada,2021,2,Winter,31.3,89,7,1
Vijayawada,2021,3,Summer,20.3,79,10,1
Vijayawada,2021,4,Summer,26.9,88,10,1
Vijayawada,2021,5,Summer,27.5,79,10,1
Vijayawada,2021,6,Summer,31.5,71,10,1
Vijayawada,2021,7,Monsoon,31.7,75,10,1
Vijayawada,2021,8,Monsoon,22.8,78,9,1
Vijayawada,2021,9,Monsoon,27.5,71,10,1
Vijayawada,2021,10,Autumn,23.5,90,10,1
Vijayawada,2021,11,Autumn,28.1,92,10,1
Vijayawada,2021,12,Winter,21.3,70,10,1
Vijayawada,2022,1,Winter,27.3,82,8,1
Vijayawada,2022,2,Winter,22.5,86,10,1
Vijayawada,2022,3,Summer,31.2,82,7,1
Vijayawada,2022,4,Summer,29.8,79,10,1
Vijayawada,2022,5,Summer,33.5,83,9,1
Vijayawada,2022,6,Summer,25.5,95,8,1
Vijayawada,2022,7,Monsoon,24.6,77,8,1
Vijayawada,2022,8,Monsoon,22.9,90,7,1
Vijayawada,2022,9,Monsoon,29.6,76,8,1
Vijayawada,2022,10,Autumn,26,93,9,1
Vijayawada,2022,11,Autumn,27.1,90,9,1
Vijayawada,2022,12,Winter,21.1,76,9,1
Vijayawada,2023,1,Winter,26.7,90,8,1
Vijayawada,2023,2,Winter,24.3,80,8,1
Vijayawada,2023,3,Summer,24.2,75,8,1
Vijayawada,2023,4,Summer,31.3,70,10,1
Vijayawada,2023,5,Summer,34.1,89,8,1
Vijayawada,2023,6,Summer,34.3,95,7,1
Vijayawada,2023,7,Monsoon,22.4,81,10,1
Vijayawada,2023,8,Monsoon,32.2,82,9,1
Vijayawada,2023,9,Monsoon,31.9,87,7,1
Vijayawada,2023,10,Autumn,21.2,77,8,1
Vijayawada,2023,11,Autumn,22,85,10,1
Vijayawada,2023,12,Winter,30.5,93,6,1
Rajkot,2021,1,Winter,35.9,59,7,2
Rajkot,2021,2,Winter,19.4,60,8,2
Rajkot,2021,3,Summer,32.5,32,7,2
Rajkot,2021,4,Summer,15.6,68,5,2
Rajkot,2021,5,Summer,27.7,35,8,2
Rajkot,2021,6,Summer,21.9,72,5,2
Rajkot,2021,7,Monsoon,16.5,64,5,2
Rajkot,2021,8,Monsoon,26.9,87,4,2
Rajkot,2021,9,Monsoon,35.6,30,5,2
Rajkot,2021,10,Autumn,39.1,64,5,2
Rajkot,2021,11,Autumn,36.3,54,4,2
Rajkot,2021,12,Winter,39,55,4,2
Rajkot,2022,1,Winter,37.7,34,5,2
Rajkot,2022,2,Winter,25.4,44,8,2
Rajkot,2022,3,Summer,19.8,39,7,2
Rajkot,2022,4,Summer,28.2,38,5,2
Rajkot,2022,5,Summer,35.2,66,4,2
Rajkot,2022,6,Summer,36.8,79,5,2
Rajkot,2022,7,Monsoon,37.8,60,3,2
Rajkot,2022,8,Monsoon,29.5,61,7,2
Rajkot,2022,9,Monsoon,14.6,36,4,2
Rajkot,2022,10,Autumn,14.9,66,7,2
Rajkot,2022,11,Autumn,32.4,52,7,2
Rajkot,2022,12,Winter,34.9,68,8,2
Rajkot,2023,1,Winter,23.8,48,6,2
Rajkot,2023,2,Winter,15.7,40,5,2
Rajkot,2023,3,Summer,17.9,55,8,2
Rajkot,2023,4,Summer,31,47,5,2
Rajkot,2023,5,Summer,32.4,39,6,2
Rajkot,2023,6,Summer,16.4,71,7,2
Rajkot,2023,7,Monsoon,15.9,90,3,2
Rajkot,2023,8,Monsoon,31.2,75,3,2
Rajkot,2023,9,Monsoon,36.9,69,4,2
Rajkot,2023,10,Autumn,37.2,31,3,2
Rajkot,2023,11,Autumn,35.9,70,4,2
Rajkot,2023,12,Winter,24.8,67,6,2
Mysuru,2021,1,Winter,29.4,78,10,1
Mysuru,2021,2,Winter,21.9,95,7,1
Mysuru,2021,3,Summer,29.3,95,9,1
Mysuru,2021,4,Summer,23.6,92,9,1
Mysuru,2021,5,Summer,22.5,94,10,1
Mysuru,2021,6,Summer,31.1,75,9,1
Mysuru,2021,7,Monsoon,27.6,81,8,1
Mysuru,2021,8,Monsoon,31.9,70,10,1
Mysuru,2021,9,Monsoon,24.9,78,8,1
Mysuru,2021,10,Autumn,34.4,91,9,1
Mysuru,2021,11,Autumn,26,79,9,1
Mysuru,2021,12,Winter,28.1,82,10,1
Mysuru,2022,1,Winter,21.7,86,8,1
Mysuru,2022,2,Winter,31.6,77,8,1
Mysuru,2022,3,Summer,34.9,71,8,1
Mysuru,2022,4,Summer,24,78,8,1
Mysuru,2022,5,Summer,20.1,75,10,1
Mysuru,2022,6,Summer,26.8,80,10,1
Mysuru,2022,7,Monsoon,23.2,88,10,1
Mysuru,2022,8,Monsoon,21.5,87,10,1
Mysuru,2022,9,Monsoon,20.2,92,7,1
Mysuru,2022,10,Autumn,20.2,84,8,1
Mysuru,2022,11,Autumn,21.3,74,10,1
Mysuru,2022,12,Winter,27.8,82,10,1
Mysuru,2023,1,Winter,24.9,70,10,1
Mysuru,2023,2,Winter,27.9,82,8,1
Mysuru,2023,3,Summer,31.1,88,6,1
Mysuru,2023,4,Summer,25.1,95,10,1
Mysuru,2023,5,Summer,26.2,73,10,1
Mysuru,2023,6,Summer,32.2,92,7,1
Mysuru,2023,7,Monsoon,26.3,88,8,1
Mysuru,2023,8,Monsoon,31,74,7,1
Mysuru,2023,9,Monsoon,21.1,93,9,1
Mysuru,2023,10,Autumn,28.3,80,9,1
Mysuru,2023,11,Autumn,27,90,10,1
Mysuru,2023,12,Winter,23.2,89,9,1
Prayagraj,2021,1,Winter,18.3,68,5,2
Prayagraj,2021,2,Winter,20.1,67,6,2
Prayagraj,2021,3,Summer,39.6,33,4,2
Prayagraj,2021,4,Summer,25.1,63,7,2
Prayagraj,2021,5,Summer,24.2,56,7,2
Prayagraj,2021,6,Summer,33.4,70,8,2
Prayagraj,2021,7,Monsoon,37.4,86,4,2
Prayagraj,2021,8,Monsoon,27.3,80,7,2
Prayagraj,2021,9,Monsoon,37.9,31,4,2
Prayagraj,2021,10,Autumn,38.4,55,5,2
Prayagraj,2021,11,Autumn,18.5,32,6,2
Prayagraj,2021,12,Winter,17.8,42,6,2
Prayagraj,2022,1,Winter,37.1,33,6,2
Prayagraj,2022,2,Winter,38.7,30,6,2
Prayagraj,2022,3,Summer,35,60,7,2
Prayagraj,2022,4,Summer,16.1,63,5,2
Prayagraj,2022,5,Summer,18.9,53,8,2
Prayagraj,2022,6,Summer,39.8,73,6,2
Prayagraj,2022,7,Monsoon,27.5,75,5,2
Prayagraj,2022,8,Monsoon,38.1,67,3,2
Prayagraj,2022,9,Monsoon,26.9,39,6,2
Prayagraj,2022,10,Autumn,24.9,45,7,2
Prayagraj,2022,11,Autumn,12.4,48,5,2
Prayagraj,2022,12,Winter,27.4,36,7,2
Prayagraj,2023,1,Winter,13.6,45,4,2
Prayagraj,2023,2,Winter,10.4,32,6,2
Prayagraj,2023,3,Summer,38.4,52,6,2
Prayagraj,2023,4,Summer,13.5,40,4,2
Prayagraj,2023,5,Summer,15.7,57,7,2
Prayagraj,2023,6,Summer,26.1,82,7,2
Prayagraj,2023,7,Monsoon,11.8,64,5,2
Prayagraj,2023,8,Monsoon,25.3,63,7,2
Prayagraj,2023,9,Monsoon,11.6,67,6,2
Prayagraj,2023,10,Autumn,30.1,64,5,2
Prayagraj,2023,11,Autumn,39,36,4,2
Prayagraj,2023,12,Winter,27.5,68,7,2
Udaipur,2021,1,Winter,36.5,61,6,2
Udaipur,2021,2,Winter,24.2,36,5,2
Udaipur,2021,3,Summer,33.5,59,5,2
Udaipur,2021,4,Summer,18.2,57,7,2
Udaipur,2021,5,Summer,23.8,69,9,2
Udaipur,2021,6,Summer,17.2,76,7,2
Udaipur,2021,7,Monsoon,11.3,89,2,2
Udaipur,2021,8,Monsoon,27,60,6,2
Udaipur,2021,9,Monsoon,39.1,56,5,2
Udaipur,2021,10,Autumn,27.5,33,5,2
Udaipur,2021,11,Autumn,10.4,70,6,2
Udaipur,2021,12,Winter,30.2,63,7,2
Udaipur,2022,1,Winter,17,38,4,2
Udaipur,2022,2,Winter,11.4,70,6,2
Udaipur,2022,3,Summer,25.4,64,8,2
Udaipur,2022,4,Summer,25.9,65,7,2
Udaipur,2022,5,Summer,31.2,55,8,2
Udaipur,2022,6,Summer,22,65,8,2
Udaipur,2022,7,Monsoon,31.8,63,6,2
Udaipur,2022,8,Monsoon,31.3,64,6,2
Udaipur,2022,9,Monsoon,28.7,43,6,2
Udaipur,2022,10,Autumn,14.4,67,8,2
Udaipur,2022,11,Autumn,36.6,70,4,2
Udaipur,2022,12,Winter,38.9,65,4,2
Udaipur,2023,1,Winter,31.6,48,5,2
Udaipur,2023,2,Winter,37.1,51,7,2
Udaipur,2023,3,Summer,24.2,60,7,2
Udaipur,2023,4,Summer,15.6,64,5,2
Udaipur,2023,5,Summer,12.4,59,8,2
Udaipur,2023,6,Summer,30.8,63,6,2
Udaipur,2023,7,Monsoon,11.5,67,5,2
Udaipur,2023,8,Monsoon,36.4,70,5,2
Udaipur,2023,9,Monsoon,19.8,61,6,2
Udaipur,2023,10,Autumn,11,61,8,2
Udaipur,2023,11,Autumn,39.2,44,6,2
Udaipur,2023,12,Winter,32,47,4,2
Raipur,2021,1,Winter,35.4,35,5,2
Raipur,2021,2,Winter,35.9,52,7,2
Raipur,2021,3,Summer,18.9,60,8,2
Raipur,2021,4,Summer,17,32,5,2
Raipur,2021,5,Summer,13.9,55,5,2
Raipur,2021,6,Summer,15.2,84,7,2
Raipur,2021,7,Monsoon,10.9,71,3,2
Raipur,2021,8,Monsoon,28.1,63,5,2
Raipur,2021,9,Monsoon,39.2,55,4,2
Raipur,2021,10,Autumn,25.1,33,5,2
Raipur,2021,11,Autumn,27,52,7,2
Raipur,2021,12,Winter,26.2,59,9,2
Raipur,2022,1,Winter,22.6,62,8,2
Raipur,2022,2,Winter,37.4,63,5,2
Raipur,2022,3,Summer,21.9,32,6,2
Raipur,2022,4,Summer,20.2,59,8,2
Raipur,2022,5,Summer,28.6,62,8,2
Raipur,2022,6,Summer,32.4,83,4,2
Raipur,2022,7,Monsoon,21.2,63,7,2
Raipur,2022,8,Monsoon,20.4,84,7,2
Raipur,2022,9,Monsoon,12.6,54,6,2
Raipur,2022,10,Autumn,23.6,70,7,2
Raipur,2022,11,Autumn,13.2,55,5,2
Raipur,2022,12,Winter,24.2,45,7,2
Raipur,2023,1,Winter,33.4,65,7,2
Raipur,2023,2,Winter,37.7,49,5,2
Raipur,2023,3,Summer,17.9,61,7,2
Raipur,2023,4,Summer,15.1,40,5,2
Raipur,2023,5,Summer,23.5,43,5,2
Raipur,2023,6,Summer,27.1,76,5,2
Raipur,2023,7,Monsoon,25.7,83,6,2
Raipur,2023,8,Monsoon,35.8,79,2,2
Raipur,2023,9,Monsoon,28.9,57,5,2
Raipur,2023,10,Autumn,36,45,6,2
Raipur,2023,11,Autumn,16.6,54,5,2
Raipur,2023,12,Winter,37,39,4,2
Jabalpur,2021,1,Winter,29.2,51,9,2
Jabalpur,2021,2,Winter,24.6,30,7,2
Jabalpur,2021,3,Summer,14.1,33,4,2
Jabalpur,2021,4,Summer,19.2,47,7,2
Jabalpur,2021,5,Summer,19,31,5,2
Jabalpur,2021,6,Summer,29,80,8,2
Jabalpur,2021,7,Monsoon,29.9,77,7,2
Jabalpur,2021,8,Monsoon,12.2,60,6,2
Jabalpur,2021,9,Monsoon,17,37,3,2
Jabalpur,2021,10,Autumn,23.8,59,9,2
Jabalpur,2021,11,Autumn,28.4,52,8,2
Jabalpur,2021,12,Winter,22.1,64,8,2
Jabalpur,2022,1,Winter,27.7,32,5,2
Jabalpur,2022,2,Winter,35.6,70,7,2
Jabalpur,2022,3,Summer,24,55,6,2
Jabalpur,2022,4,Summer,11.4,30,6,2
Jabalpur,2022,5,Summer,30.8,43,7,2
Jabalpur,2022,6,Summer,22,86,4,2
Jabalpur,2022,7,Monsoon,31,73,5,2
Jabalpur,2022,8,Monsoon,27.6,68,7,2
Jabalpur,2022,9,Monsoon,31.3,48,5,2
Jabalpur,2022,10,Autumn,36.7,60,6,2
Jabalpur,2022,11,Autumn,11.3,39,4,2
Jabalpur,2022,12,Winter,38.3,56,6,2
Jabalpur,2023,1,Winter,28.7,70,8,2
Jabalpur,2023,2,Winter,16.7,58,6,2
Jabalpur,2023,3,Summer,37.9,50,4,2
Jabalpur,2023,4,Summer,14.7,62,5,2
Jabalpur,2023,5,Summer,11.8,38,5,2
Jabalpur,2023,6,Summer,26,61,8,2
Jabalpur,2023,7,Monsoon,33.6,84,4,2
Jabalpur,2023,8,Monsoon,38.2,81,4,2
Jabalpur,2023,9,Monsoon,10.8,44,6,2
Jabalpur,2023,10,Autumn,39.7,62,5,2
Jabalpur,2023,11,Autumn,33.7,54,8,2
Jabalpur,2023,12,Winter,29.7,56,6,2
Bhubaneswar,2021,1,Winter,22.7,45,7,2
Bhubaneswar,2021,2,Winter,12.3,34,4,2
Bhubaneswar,2021,3,Summer,20.6,31,5,2
Bhubaneswar,2021,4,Summer,30.9,33,5,2
Bhubaneswar,2021,5,Summer,26.3,67,7,2
Bhubaneswar,2021,6,Summer,21.2,82,8,2
Bhubaneswar,2021,7,Monsoon,23.1,75,5,2
Bhubaneswar,2021,8,Monsoon,19.4,83,5,2
Bhubaneswar,2021,9,Monsoon,36.8,34,4,2
Bhubaneswar,2021,10,Autumn,36.8,45,3,2
Bhubaneswar,2021,11,Autumn,17.1,38,5,2
Bhubaneswar,2021,12,Winter,32.1,46,4,2
Bhubaneswar,2022,1,Winter,17.7,68,7,2
Bhubaneswar,2022,2,Winter,12.4,57,7,2
Bhubaneswar,2022,3,Summer,22.2,65,8,2
Bhubaneswar,2022,4,Summer,38.1,61,7,2
Bhubaneswar,2022,5,Summer,35.6,56,7,2
Bhubaneswar,2022,6,Summer,34.9,76,5,2
Bhubaneswar,2022,7,Monsoon,19.4,70,6,2
Bhubaneswar,2022,8,Monsoon,22.5,86,4,2
Bhubaneswar,2022,9,Monsoon,17.9,43,3,2
Bhubaneswar,2022,10,Autumn,10.5,40,7,2
Bhubaneswar,2022,11,Autumn,32.1,63,7,2
Bhubaneswar,2022,12,Winter,18.2,48,6,2
Bhubaneswar,2023,1,Winter,33.9,50,7,2
Bhubaneswar,2023,2,Winter,16.9,36,7,2
Bhubaneswar,2023,3,Summer,13.5,35,5,2
Bhubaneswar,2023,4,Summer,13.1,62,7,2
Bhubaneswar,2023,5,Summer,37.1,42,3,2
Bhubaneswar,2023,6,Summer,14.5,90,5,2
Bhubaneswar,2023,7,Monsoon,22.5,78,6,2
Bhubaneswar,2023,8,Monsoon,36,78,4,2
Bhubaneswar,2023,9,Monsoon,11,61,5,2
Bhubaneswar,2023,10,Autumn,24.4,59,8,2
Bhubaneswar,2023,11,Autumn,12.7,49,6,2
Bhubaneswar,2023,12,Winter,17.9,58,8,2
Kota,2021,1,Winter,10.5,59,6,2
Kota,2021,2,Winter,20.5,34,6,2
Kota,2021,3,Summer,38.2,70,7,2
Kota,2021,4,Summer,31.4,34,6,2
Kota,2021,5,Summer,19.1,34,4,2
Kota,2021,6,Summer,29.3,85,6,2
Kota,2021,7,Monsoon,29.3,81,4,2
Kota,2021,8,Monsoon,24.9,72,6,2
Kota,2021,9,Monsoon,21.4,40,5,2
Kota,2021,10,Autumn,13.4,30,7,2
Kota,2021,11,Autumn,26.5,47,8,2
Kota,2021,12,Winter,30.9,31,4,2
Kota,2022,1,Winter,10.5,69,8,2
Kota,2022,2,Winter,16.4,54,7,2
Kota,2022,3,Summer,12.5,31,7,2
Kota,2022,4,Summer,21.4,39,5,2
Kota,2022,5,Summer,37.6,49,5,2
Kota,2022,6,Summer,17.8,90,6,2
Kota,2022,7,Monsoon,10.5,67,4,2
Kota,2022,8,Monsoon,27.2,82,6,2
Kota,2022,9,Monsoon,24.9,47,6,2
Kota,2022,10,Autumn,18.7,57,6,2
Kota,2022,11,Autumn,16.1,53,5,2
Kota,2022,12,Winter,39.9,36,6,2
Kota,2023,1,Winter,20,34,7,2
Kota,2023,2,Winter,18.2,52,6,2
Kota,2023,3,Summer,23.1,54,7,2
Kota,2023,4,Summer,31.3,32,4,2
Kota,2023,5,Summer,23.3,34,5,2
Kota,2023,6,Summer,35.8,85,3,2
Kota,2023,7,Monsoon,34,62,7,2
Kota,2023,8,Monsoon,28.7,79,5,2
Kota,2023,9,Monsoon,20.2,69,6,2
Kota,2023,10,Autumn,30,55,6,2
Kota,2023,11,Autumn,18.5,55,5,2
Kota,2023,12,Winter,36.6,61,7,2
Dhanbad,2021,1,Winter,37.9,51,4,2
Dhanbad,2021,2,Winter,30.1,55,5,2
Dhanbad,2021,3,Summer,18.9,60,6,2
Dhanbad,2021,4,Summer,38.6,52,4,2
Dhanbad,2021,5,Summer,15.7,39,5,2
Dhanbad,2021,6,Summer,15.5,63,8,2
Dhanbad,2021,7,Monsoon,16.9,78,6,2
Dhanbad,2021,8,Monsoon,20.8,64,8,2
Dhanbad,2021,9,Monsoon,32.1,45,5,2
Dhanbad,2021,10,Autumn,33.7,64,6,2
Dhanbad,2021,11,Autumn,27.8,37,6,2
Dhanbad,2021,12,Winter,17.6,43,4,2
Dhanbad,2022,1,Winter,34,47,6,2
Dhanbad,2022,2,Winter,13.2,51,8,2
Dhanbad,2022,3,Summer,22.4,42,5,2
Dhanbad,2022,4,Summer,22.2,52,6,2
Dhanbad,2022,5,Summer,39.2,50,6,2
Dhanbad,2022,6,Summer,31.6,86,6,2
Dhanbad,2022,7,Monsoon,12,85,6,2
Dhanbad,2022,8,Monsoon,20,60,5,2
Dhanbad,2022,9,Monsoon,28.1,70,5,2
Dhanbad,2022,10,Autumn,28.3,31,5,2
Dhanbad,2022,11,Autumn,29.4,50,9,2
Dhanbad,2022,12,Winter,20.5,42,8,2
Dhanbad,2023,1,Winter,17.6,61,5,2
Dhanbad,2023,2,Winter,31.9,61,7,2
Dhanbad,2023,3,Summer,37,67,5,2
Dhanbad,2023,4,Summer,30.4,45,7,2
Dhanbad,2023,5,Summer,27.3,50,9,2
Dhanbad,2023,6,Summer,34.4,74,5,2
Dhanbad,2023,7,Monsoon,11.2,72,3,2
Dhanbad,2023,8,Monsoon,23.7,62,6,2
Dhanbad,2023,9,Monsoon,17.8,66,5,2
Dhanbad,2023,10,Autumn,24.6,47,8,2
Dhanbad,2023,11,Autumn,31.7,44,6,2
Dhanbad,2023,12,Winter,12.9,43,6,2
Asansol,2021,1,Winter,30.3,63,7,2
Asansol,2021,2,Winter,35.9,42,6,2
Asansol,2021,3,Summer,35.4,62,5,2
Asansol,2021,4,Summer,31.3,68,8,2
Asansol,2021,5,Summer,13.4,61,8,2
Asansol,2021,6,Summer,36.9,67,6,2
Asansol,2021,7,Monsoon,20.4,69,5,2
Asansol,2021,8,Monsoon,10.8,85,4,2
Asansol,2021,9,Monsoon,11.5,60,6,2
Asansol,2021,10,Autumn,10.9,67,6,2
Asansol,2021,11,Autumn,19.2,57,6,2
Asansol,2021,12,Winter,40,58,6,2
Asansol,2022,1,Winter,24,38,7,2
Asansol,2022,2,Winter,35.6,42,5,2
Asansol,2022,3,Summer,11.5,31,7,2
Asansol,2022,4,Summer,28.7,61,7,2
Asansol,2022,5,Summer,10.4,58,6,2
Asansol,2022,6,Summer,17.5,67,8,2
Asansol,2022,7,Monsoon,30.4,77,3,2
Asansol,2022,8,Monsoon,27.6,71,5,2
Asansol,2022,9,Monsoon,37.4,50,3,2
Asansol,2022,10,Autumn,24.7,34,7,2
Asansol,2022,11,Autumn,32.1,56,7,2
Asansol,2022,12,Winter,19.5,51,6,2
Asansol,2023,1,Winter,14.9,30,6,2
Asansol,2023,2,Winter,14.6,68,8,2
Asansol,2023,3,Summer,25.2,36,5,2
Asansol,2023,4,Summer,10.2,59,5,2
Asansol,2023,5,Summer,35.6,32,3,2
Asansol,2023,6,Summer,32.3,86,6,2
Asansol,2023,7,Monsoon,38.2,74,5,2
Asansol,2023,8,Monsoon,15.1,70,7,2
Asansol,2023,9,Monsoon,35.8,36,3,2
Asansol,2023,10,Autumn,10.3,65,6,2
Asansol,2023,11,Autumn,28.1,34,5,2
Asansol,2023,12,Winter,18.8,65,7,2
Dehradun,2021,1,Winter,16,47,3,3
Dehradun,2021,2,Winter,1.2,50,3,3
Dehradun,2021,3,Summer,22.2,30,3,3
Dehradun,2021,4,Summer,10,47,4,3
Dehradun,2021,5,Summer,23.2,54,3,3
Dehradun,2021,6,Summer,10.1,75,2,3
Dehradun,2021,7,Monsoon,3.5,75,1,3
Dehradun,2021,8,Monsoon,0.9,67,1,3
Dehradun,2021,9,Monsoon,1,57,2,3
Dehradun,2021,10,Autumn,19.2,34,4,3
Dehradun,2021,11,Autumn,16.2,45,4,3
Dehradun,2021,12,Winter,13.5,61,3,3
Dehradun,2022,1,Winter,11.3,37,3,3
Dehradun,2022,2,Winter,-3.2,61,2,3
Dehradun,2022,3,Summer,19.9,47,2,3
Dehradun,2022,4,Summer,5.9,40,3,3
Dehradun,2022,5,Summer,9.8,34,3,3
Dehradun,2022,6,Summer,23.7,89,3,3
Dehradun,2022,7,Monsoon,-4.9,90,1,3
Dehradun,2022,8,Monsoon,8,81,2,3
Dehradun,2022,9,Monsoon,24.8,57,3,3
Dehradun,2022,10,Autumn,1.3,61,4,3
Dehradun,2022,11,Autumn,22.3,49,5,3
Dehradun,2022,12,Winter,1.1,64,4,3
Dehradun,2023,1,Winter,15.8,45,3,3
Dehradun,2023,2,Winter,5.9,38,1,3
Dehradun,2023,3,Summer,17.4,35,4,3
Dehradun,2023,4,Summer,13.3,42,3,3
Dehradun,2023,5,Summer,5.6,55,4,3
Dehradun,2023,6,Summer,13.6,64,3,3
Dehradun,2023,7,Monsoon,18.7,70,4,3
Dehradun,2023,8,Monsoon,17.4,70,2,3
Dehradun,2023,9,Monsoon,6.7,41,1,3
Dehradun,2023,10,Autumn,13.3,38,2,3
Dehradun,2023,11,Autumn,2,57,5,3
Dehradun,2023,12,Winter,-4.8,46,4,3
Srinagar,2021,1,Winter,18.7,49,3,3
Srinagar,2021,2,Winter,6.7,34,1,3
Srinagar,2021,3,Summer,23.9,53,3,3
Srinagar,2021,4,Summer,22.8,48,3,3
Srinagar,2021,5,Summer,23.9,61,6,3
Srinagar,2021,6,Summer,23,72,5,3
Srinagar,2021,7,Monsoon,2.4,77,2,3
Srinagar,2021,8,Monsoon,3.8,85,2,3
Srinagar,2021,9,Monsoon,4.9,52,3,3
Srinagar,2021,10,Autumn,18.3,64,6,3
Srinagar,2021,11,Autumn,23.3,51,6,3
Srinagar,2021,12,Winter,23.1,37,3,3
Srinagar,2022,1,Winter,5.2,58,3,3
Srinagar,2022,2,Winter,4.1,43,1,3
Srinagar,2022,3,Summer,1.8,37,1,3
Srinagar,2022,4,Summer,-1.4,54,3,3
Srinagar,2022,5,Summer,13.6,51,5,3
Srinagar,2022,6,Summer,16.6,68,3,3
Srinagar,2022,7,Monsoon,17.6,74,1,3
Srinagar,2022,8,Monsoon,2.8,85,2,3
Srinagar,2022,9,Monsoon,13.2,50,1,3
Srinagar,2022,10,Autumn,24,58,4,3
Srinagar,2022,11,Autumn,5,67,5,3
Srinagar,2022,12,Winter,3.1,36,4,3
Srinagar,2023,1,Winter,14.1,68,5,3
Srinagar,2023,2,Winter,11.9,65,4,3
Srinagar,2023,3,Summer,-1.8,57,3,3
Srinagar,2023,4,Summer,-3,30,2,3
Srinagar,2023,5,Summer,10.7,59,3,3
Srinagar,2023,6,Summer,-3.6,66,2,3
Srinagar,2023,7,Monsoon,-1.5,61,1,3
Srinagar,2023,8,Monsoon,18.3,69,1,3
Srinagar,2023,9,Monsoon,0.1,39,2,3
Srinagar,2023,10,Autumn,13.1,45,5,3
Srinagar,2023,11,Autumn,7.2,32,3,3
Srinagar,2023,12,Winter,14.9,62,4,3
Shimla,2021,1,Winter,-2.2,44,3,3
Shimla,2021,2,Winter,5.2,60,3,3
Shimla,2021,3,Summer,2.3,37,1,3
Shimla,2021,4,Summer,16.1,41,3,3
Shimla,2021,5,Summer,18.4,62,4,3
Shimla,2021,6,Summer,22.6,88,1,3
Shimla,2021,7,Monsoon,-2.3,76,2,3
Shimla,2021,8,Monsoon,9.7,60,1,3
Shimla,2021,9,Monsoon,20.1,36,4,3
Shimla,2021,10,Autumn,12.2,61,3,3
Shimla,2021,11,Autumn,15,40,5,3
Shimla,2021,12,Winter,8,41,4,3
Shimla,2022,1,Winter,-4.8,33,4,3
Shimla,2022,2,Winter,22.8,45,4,3
Shimla,2022,3,Summer,-1.4,52,2,3
Shimla,2022,4,Summer,5.8,41,1,3
Shimla,2022,5,Summer,22.7,47,3,3
Shimla,2022,6,Summer,7.5,86,2,3
Shimla,2022,7,Monsoon,4.9,69,1,3
Shimla,2022,8,Monsoon,1.2,73,1,3
Shimla,2022,9,Monsoon,10.8,70,1,3
Shimla,2022,10,Autumn,2.1,58,3,3
Shimla,2022,11,Autumn,14.2,36,2,3
Shimla,2022,12,Winter,1.9,53,3,3
Shimla,2023,1,Winter,-3.9,50,3,3
Shimla,2023,2,Winter,16,55,5,3
Shimla,2023,3,Summer,8,66,2,3
Shimla,2023,4,Summer,24.5,50,4,3
Shimla,2023,5,Summer,5.7,66,1,3
Shimla,2023,6,Summer,-4.3,81,1,3
Shimla,2023,7,Monsoon,-3.7,90,1,3
Shimla,2023,8,Monsoon,7.5,60,3,3
Shimla,2023,9,Monsoon,14.3,52,3,3
Shimla,2023,10,Autumn,7.2,62,5,3
Shimla,2023,11,Autumn,10.3,67,3,3
Shimla,2023,12,Winter,5.7,57,5,3
Shillong,2021,1,Winter,13.3,54,4,3
Shillong,2021,2,Winter,17.3,60,5,3
Shillong,2021,3,Summer,16.9,39,1,3
Shillong,2021,4,Summer,-5,65,1,3
Shillong,2021,5,Summer,22.2,35,5,3
Shillong,2021,6,Summer,-2.2,74,1,3
Shillong,2021,7,Monsoon,14.8,77,2,3
Shillong,2021,8,Monsoon,24.6,68,5,3
Shillong,2021,9,Monsoon,-2.9,69,3,3
Shillong,2021,10,Autumn,-3,44,2,3
Shillong,2021,11,Autumn,19.4,51,3,3
Shillong,2021,12,Winter,22.5,64,7,3
Shillong,2022,1,Winter,-3.9,56,2,3
Shillong,2022,2,Winter,7.6,44,4,3
Shillong,2022,3,Summer,11,31,1,3
Shillong,2022,4,Summer,21.8,47,4,3
Shillong,2022,5,Summer,22.1,63,5,3
Shillong,2022,6,Summer,11.4,63,3,3
Shillong,2022,7,Monsoon,18.6,66,3,3
Shillong,2022,8,Monsoon,0.1,69,1,3
Shillong,2022,9,Monsoon,15.5,51,3,3
Shillong,2022,10,Autumn,2.5,30,3,3
Shillong,2022,11,Autumn,15.8,32,4,3
Shillong,2022,12,Winter,18.2,57,3,3
Shillong,2023,1,Winter,10.3,58,4,3
Shillong,2023,2,Winter,16.9,65,5,3
Shillong,2023,3,Summer,24.3,42,4,3
Shillong,2023,4,Summer,15.8,37,2,3
Shillong,2023,5,Summer,1.9,69,1,3
Shillong,2023,6,Summer,0,60,3,3
Shillong,2023,7,Monsoon,1.9,84,1,3
Shillong,2023,8,Monsoon,3.4,63,3,3
Shillong,2023,9,Monsoon,23.5,56,4,3
Shillong,2023,10,Autumn,12,57,4,3
Shillong,2023,11,Autumn,0.4,46,4,3
Shillong,2023,12,Winter,0.1,40,3,3
Gangtok,2021,1,Winter,27.1,83,9,1
Gangtok,2021,2,Winter,23.9,88,8,1
Gangtok,2021,3,Summer,27,87,10,1
Gangtok,2021,4,Summer,24.6,94,9,1
Gangtok,2021,5,Summer,28,92,10,1
Gangtok,2021,6,Summer,34.5,82,7,1
Gangtok,2021,7,Monsoon,26.6,86,10,1
Gangtok,2021,8,Monsoon,33.6,87,7,1
Gangtok,2021,9,Monsoon,33.8,78,10,1
Gangtok,2021,10,Autumn,22.6,86,10,1
Gangtok,2021,11,Autumn,24.4,78,10,1
Gangtok,2021,12,Winter,33.9,76,7,1
Gangtok,2022,1,Winter,33.7,77,8,1
Gangtok,2022,2,Winter,22.5,71,10,1
Gangtok,2022,3,Summer,27.9,77,9,1
Gangtok,2022,4,Summer,34.8,70,9,1
Gangtok,2022,5,Summer,34.7,92,8,1
Gangtok,2022,6,Summer,33.7,83,9,1
Gangtok,2022,7,Monsoon,23.1,83,10,1
Gangtok,2022,8,Monsoon,25.5,80,10,1
Gangtok,2022,9,Monsoon,33.7,75,8,1
Gangtok,2022,10,Autumn,30.2,88,7,1
Gangtok,2022,11,Autumn,30.1,95,7,1
Gangtok,2022,12,Winter,27.7,87,8,1
Gangtok,2023,1,Winter,33.5,79,9,1
Gangtok,2023,2,Winter,20.6,71,9,1
Gangtok,2023,3,Summer,28.4,92,9,1
Gangtok,2023,4,Summer,32.1,86,8,1
Gangtok,2023,5,Summer,20.8,72,8,1
Gangtok,2023,6,Summer,26.4,70,10,1
Gangtok,2023,7,Monsoon,20.7,80,8,1
Gangtok,2023,8,Monsoon,30,88,7,1
Gangtok,2023,9,Monsoon,28.8,70,10,1
Gangtok,2023,10,Autumn,31.4,73,7,1
Gangtok,2023,11,Autumn,25.1,75,10,1
Gangtok,2023,12,Winter,25.9,92,9,1
Pondicherry,2021,1,Winter,28.5,85,9,1
Pondicherry,2021,2,Winter,23.4,83,10,1
Pondicherry,2021,3,Summer,32,85,8,1
Pondicherry,2021,4,Summer,23.6,80,8,1
Pondicherry,2021,5,Summer,24.3,82,9,1
Pondicherry,2021,6,Summer,25.2,90,8,1
Pondicherry,2021,7,Monsoon,31.2,88,6,1
Pondicherry,2021,8,Monsoon,20.8,78,9,1
Pondicherry,2021,9,Monsoon,33.7,87,6,1
Pondicherry,2021,10,Autumn,32.5,78,8,1
Pondicherry,2021,11,Autumn,30.1,94,8,1
Pondicherry,2021,12,Winter,21.6,74,10,1
Pondicherry,2022,1,Winter,28,78,10,1
Pondicherry,2022,2,Winter,30.4,73,10,1
Pondicherry,2022,3,Summer,27.8,93,10,1
Pondicherry,2022,4,Summer,34.4,79,7,1
Pondicherry,2022,5,Summer,30.2,75,9,1
Pondicherry,2022,6,Summer,27.3,78,9,1
Pondicherry,2022,7,Monsoon,27.9,81,10,1
Pondicherry,2022,8,Monsoon,32.5,76,9,1
Pondicherry,2022,9,Monsoon,25.9,70,10,1
Pondicherry,2022,10,Autumn,22.8,81,9,1
Pondicherry,2022,11,Autumn,22.2,75,10,1
Pondicherry,2022,12,Winter,24.9,81,10,1
Pondicherry,2023,1,Winter,24.6,76,9,1
Pondicherry,2023,2,Winter,22.8,80,10,1
Pondicherry,2023,3,Summer,27.1,92,9,1
Pondicherry,2023,4,Summer,23.1,90,8,1
Pondicherry,2023,5,Summer,29.7,84,10,1
Pondicherry,2023,6,Summer,23.7,71,8,1
Pondicherry,2023,7,Monsoon,34.6,84,7,1
Pondicherry,2023,8,Monsoon,28.9,93,9,1
Pondicherry,2023,9,Monsoon,28.3,91,8,1
Pondicherry,2023,10,Autumn,27.8,88,8,1
Pondicherry,2023,11,Autumn,33.7,74,7,1
Pondicherry,2023,12,Winter,29.7,80,10,1
Panaji,2021,1,Winter,14.3,32,5,3
Panaji,2021,2,Winter,0.5,36,2,3
Panaji,2021,3,Summer,15.4,48,4,3
Panaji,2021,4,Summer,19.9,50,3,3
Panaji,2021,5,Summer,13,53,3,3
Panaji,2021,6,Summer,1.9,64,2,3
Panaji,2021,7,Monsoon,23.3,64,3,3
Panaji,2021,8,Monsoon,21.6,61,3,3
Panaji,2021,9,Monsoon,8.3,53,1,3
Panaji,2021,10,Autumn,24.8,45,5,3
Panaji,2021,11,Autumn,18.2,61,4,3
Panaji,2021,12,Winter,17.6,50,4,3
Panaji,2022,1,Winter,4.1,45,2,3
Panaji,2022,2,Winter,6.5,68,4,3
Panaji,2022,3,Summer,0.6,35,3,3
Panaji,2022,4,Summer,-0.9,32,1,3
Panaji,2022,5,Summer,3.7,34,3,3
Panaji,2022,6,Summer,5.1,88,1,3
Panaji,2022,7,Monsoon,19,86,1,3
Panaji,2022,8,Monsoon,22.2,63,3,3
Panaji,2022,9,Monsoon,6.2,35,1,3
Panaji,2022,10,Autumn,11.9,54,4,3
Panaji,2022,11,Autumn,22.2,34,6,3
Panaji,2022,12,Winter,7.3,40,3,3
Panaji,2023,1,Winter,14.5,47,2,3
Panaji,2023,2,Winter,5.9,58,5,3
Panaji,2023,3,Summer,-0.3,35,1,3
Panaji,2023,4,Summer,22.2,67,5,3
Panaji,2023,5,Summer,-3.3,67,1,3
Panaji,2023,6,Summer,18.3,82,2,3
Panaji,2023,7,Monsoon,4.1,77,2,3
Panaji,2023,8,Monsoon,14.3,79,1,3
Panaji,2023,9,Monsoon,6.6,63,3,3
Panaji,2023,10,Autumn,3.1,66,2,3
Panaji,2023,11,Autumn,0,54,2,3
Panaji,2023,12,Winter,14.8,64,3,3
Imphal,2021,1,Winter,19.8,65,4,3
Imphal,2021,2,Winter,3,69,5,3
Imphal,2021,3,Summer,3.1,45,1,3
Imphal,2021,4,Summer,4.7,43,1,3
Imphal,2021,5,Summer,0.9,47,2,3
Imphal,2021,6,Summer,6.6,77,1,3
Imphal,2021,7,Monsoon,8.4,82,2,3
Imphal,2021,8,Monsoon,16.9,61,3,3
Imphal,2021,9,Monsoon,18.2,50,3,3
Imphal,2021,10,Autumn,-2.1,62,4,3
Imphal,2021,11,Autumn,21.5,34,3,3
Imphal,2021,12,Winter,2.7,49,4,3
Imphal,2022,1,Winter,17.1,53,5,3
Imphal,2022,2,Winter,16,60,3,3
Imphal,2022,3,Summer,2.3,30,3,3
Imphal,2022,4,Summer,13.5,45,3,3
Imphal,2022,5,Summer,-3.8,54,2,3
Imphal,2022,6,Summer,14.1,87,3,3
Imphal,2022,7,Monsoon,3.6,75,2,3
Imphal,2022,8,Monsoon,19.4,73,3,3
Imphal,2022,9,Monsoon,-1.3,52,2,3
Imphal,2022,10,Autumn,-3.4,67,4,3
Imphal,2022,11,Autumn,3.8,52,5,3
Imphal,2022,12,Winter,15.8,54,4,3
Imphal,2023,1,Winter,11,70,4,3
Imphal,2023,2,Winter,24.9,53,5,3
Imphal,2023,3,Summer,5.7,31,2,3
Imphal,2023,4,Summer,24.9,40,5,3
Imphal,2023,5,Summer,20.3,32,5,3
Imphal,2023,6,Summer,10.7,87,2,3
Imphal,2023,7,Monsoon,14.3,78,1,3
Imphal,2023,8,Monsoon,2.8,68,3,3
Imphal,2023,9,Monsoon,-4.1,42,1,3
Imphal,2023,10,Autumn,0.3,37,3,3
Imphal,2023,11,Autumn,21.4,44,4,3
Imphal,2023,12,Winter,14.2,34,3,3
